COMPACTNESS,CIRCULARITY,DISTANCE_CIRCULARITY,RADIUS_RATIO,PR_AXIS_ASPECT_RATIO,MAX_LENGTH_ASPECT_RATIO,SCATTER_RATIO,ELONGATEDNESS,PR_AXIS_RECT,MAX_LENGTH_RECT,SCALED_VARIANCE_MAJOR,SCALED_VARIANCE_MINOR,SCALED_RADIUS_OF_GYRATION,SKEWNESS_MAJOR,SKEWNESS_MINOR,KURTOSIS_MAJOR,KURTOSIS_MINOR,HOLLOWS_RATIO,CLASS
83.89717029866343,56.95193994049408,76.46659299095876,222.09906295660866,106.38843687740054,7.089315153709375,832.372687863169,40.05877638217747,101.89371683381916,162.53438033840573,185.0514149350159,188.9066433248869,172.7070221274681,2.999694637570541,6.09292254630838,3.3805360512647358,11.018910618095752,191.47605982567072,saab
87.20399144206681,49.51290514172604,83.67892957566566,238.96163282447878,97.1351748228468,8.437953605447891,936.2207074985445,33.795832198853226,147.9638842564301,187.34811343510418,197.30957353132118,211.73703077569735,174.73047422558906,6.413792581837024,6.558291439740897,7.4001881182567875,12.779316198073218,196.1046022190208,opel
88.84567841783023,43.48928254688271,68.24706571620975,257.5371894715047,91.91031327221211,12.12894882962024,862.6394160426088,39.30402855439439,172.5966003891108,188.24291920838388,193.5508408651286,219.8264386983356,189.33085494237534,2.899718520795709,6.247398550150008,8.744394000145956,16.5840940781635,204.86376505905938,bus
99.57701058851038,48.36954910274184,76.73864914137847,283.6300139474525,86.13450830160501,13.218276241814355,904.4203443145924,35.95347593093914,138.73282775410036,192.52974299254004,208.39893517259915,212.31006431196533,198.03731888745344,5.316106979840264,7.871950779000092,6.634862051240917,7.401898320330208,191.27324416048026,bus
95.98430617934562,40.796238782293884,69.55461802775041,251.53533507778192,97.01889832460537,11.629424682244583,838.7850881855317,37.05563139863566,129.97029671604847,191.80152476745155,197.03473422494764,207.5898380281994,191.86529879080328,4.032877032306926,2.742531811170376,9.518466479573597,10.415108860011063,183.1076753492287,bus
92.69601425831024,50.1243405239038,70.82281848129259,248.02859318734923,99.90615552713554,8.872500156641644,827.7906410567988,30.193029563958202,141.7421673480248,179.6208532186723,229.19016114046659,236.29298334646154,166.9192710168642,4.393478444666588,5.841389382841914,2.753242923203544,14.992411746919586,198.70992652088924,opel
97.06390463468249,40.020974798872736,67.2295273676183,259.6477740192766,93.96545510378084,9.65977394788128,881.6486080458338,35.67461868786691,143.62628211600602,201.50450092536138,214.09820171524188,211.46451673768436,177.93313022273182,5.8826143033984915,6.871631677422362,8.99116302800406,11.281494233934751,171.13070129804328,bus
96.48060138532288,37.291353153951555,75.11051027513732,260.4250275667305,88.61898160047345,11.695060327238913,848.7906587835398,40.49463418065183,156.88913371474644,205.0751368983692,204.73427791642837,235.47419092213963,199.9485576586917,3.9971957062287267,5.899769434126922,8.101595144547327,12.429146309636858,184.04480611154437,bus
95.29104359223,40.2963791216791,72.94387443551791,313.2650944661092,81.22979930483838,10.788570153993323,905.6635205268882,33.99981394160419,155.39111787420268,194.28400748141934,237.1690223331333,179.47507333067097,176.20203095654097,6.108115542231815,5.408885864118235,6.103550767399701,6.932450886098215,199.19705608357265,bus
93.8198531542637,43.330278472042274,77.55868853297375,208.01287471161947,103.32669469028849,6.065349871548011,939.1420596431572,34.97826064142102,147.36692193122084,181.96249515907505,244.01397388577757,180.47474911996443,189.33090201725497,4.480653964494893,5.894905616259779,8.435436402174334,12.02408493342586,193.5883507060315,van
87.05678815575719,51.94887277852171,76.09336559083944,213.13403377430095,106.76243314509338,9.547115412413627,775.0682251425394,43.821554284719404,141.58471996473327,180.88157264435864,179.04450107721803,187.7656602436547,160.36651282334017,4.53395156625512,4.570671766318015,5.728797520198234,7.521345262848845,197.5215903696611,saab
87.87625906893271,36.292278113687665,73.85796793149835,290.5831127465129,84.55158674020095,9.194789456400613,867.4321553104086,31.38519255707949,140.27909422302872,191.24803619676064,206.99952131186203,220.93151090281523,171.69978616574815,3.540795060385181,6.514637446375933,5.369248743367757,6.62068064239627,199.60271624982303,bus
92.95948867936518,42.7344216351411,78.51348549056175,256.83320463905255,107.28334799748455,12.237264668308423,879.7591528036246,25.54367456706765,150.52526368215317,181.70318184791918,268.5752032407354,202.6443094685789,200.30286866518384,3.731657709444419,6.320944883964685,10.660864688757632,15.497683721068038,196.13977202129303,van
91.99146693885301,34.27943448815747,71.09614458526904,244.40846066528596,77.32877741211422,14.495484145347469,912.0376589744284,33.96438010518369,119.69712477253671,206.40149038521267,205.56524893325494,233.82621161534968,184.53411600693647,4.433722206512465,8.357862580118557,4.412984749591809,11.86532090963239,192.62988029987372,bus
87.8769387478262,46.68712029700348,80.55787547917646,262.19052090417205,92.17007330952187,14.071747070363585,1054.9110737273372,30.99780378372029,136.54790329191397,189.73919155804376,222.32262209718542,208.83139762005024,192.3523452414729,6.182336293332878,6.248370350707413,7.450712501267406,5.4403216011430455,203.95914220958045,van
91.46367617094529,42.84941696888073,72.41596299231581,264.62001253570963,105.79309247451597,7.897559940434995,876.7163071328953,26.006236588493127,138.03334407715604,184.93474741960884,225.94177123920866,208.6544507017293,188.260043915177,5.780271753796129,4.343188238316074,6.815069089238971,6.193052268236505,184.9277417961606,van
85.05120379666432,45.65485980179139,89.9052449141044,221.4252736893443,106.958276956828,11.983886118323282,854.2303100942289,42.98531924429978,126.84579996469793,179.41392924217527,211.38956232442158,221.1208321291711,198.56187750708665,2.3631972350530672,4.273191505324972,5.757730402407518,12.8624898358696,200.7184456987409,opel
96.80697802754207,37.63371444465668,60.170132999236266,243.29311282579798,87.43722153444544,9.58071796261759,871.7876200671305,42.35273470718049,143.02661579692673,182.06727042128836,254.9916780841084,183.7039445727589,195.28261608185306,4.261585599105108,8.723272248995888,5.104214565462027,11.978865043558336,195.72278965384288,bus
89.51045655794134,49.10789727493439,87.50123837554024,214.08564672958778,117.1350210765622,9.210809009525493,865.2542702353377,40.800135149249314,124.78233342700928,168.598534949063,217.18828509518906,188.8356814367834,165.7447066860924,4.190055770544146,4.106034468765303,6.619111293534303,10.265481858482632,190.10676137858806,saab
85.03780090197067,41.54122560370506,91.43008224334353,211.33761822627716,120.58162575991183,9.846089654453523,822.9113381994199,42.67775348616988,127.74277368387865,158.61754340905466,194.80557657846936,221.50009309891277,157.9495935085146,5.954526740606244,5.61201041486675,6.222446669681716,11.55010918556871,184.0334609038186,saab
93.23938802891837,45.50721979649849,97.0813257678922,249.50401083369533,122.19710877186205,6.905616422235018,798.0103387735883,44.89084717132772,115.37889544804585,172.4123558812762,171.6635294410162,201.32547560519427,176.30464726227805,1.5489305555701955,3.249701215919394,1.6776757928565802,8.668905722124421,160.39564177903796,saab
82.06131015340051,51.9057206668685,82.73481310864105,241.17390565843638,111.71986253963638,7.719448828899143,769.6179344738401,40.34942970104105,138.8444243738174,191.45354952270745,167.6235485602712,185.1838706700716,189.44385064622003,0.32798943328633756,6.42545224238357,7.632162088227878,4.696257417286954,167.42212576057926,saab
83.85848730211555,47.345465316570035,79.65467039696567,258.2350024794453,106.66270706691256,11.917770777264938,837.3035542714322,45.38159872500152,146.88940005593037,200.9884123035244,193.52277378753826,225.8786704621143,177.52099164923783,3.899023479464741,6.026837507290525,10.102755442018987,11.168551755176962,203.51515145933,opel
98.95515973521523,38.84536544431945,81.22523966554739,251.62696107031604,86.25839038950487,10.203064036417926,983.0629607273935,32.23031608050458,142.3548515868939,194.87911052153945,219.72324507811524,241.82951831061763,203.34624600642988,5.850889728368345,4.4233847650729246,7.145748196031031,15.028415365787907,197.43530204186345,bus
78.5237068966644,47.26005128342501,77.1251961793087,192.83417023549785,101.39917561506596,3.3139217966963184,880.9430165072317,44.22515393498449,121.13360830795402,171.63933303494258,207.89514778215985,169.20647804077888,153.83384097604485,5.535875327033074,7.452071998458667,9.653294158623876,10.816631947756747,189.48942718192998,saab
89.67709460942191,44.59809711771318,74.12900272480036,248.84184500246184,94.0904200133635,10.861724838030074,952.1520435425194,31.3518222165801,165.82116751303568,186.1665922302839,229.00421280723933,188.2317752865431,199.90689928527325,8.565589937677961,8.983986973672993,7.082246309950007,7.963058960610604,201.48780634807306,van
87.78437361184072,51.06065569098635,91.90999349828485,214.8039573602445,105.22422377679108,0.15519949676331546,810.9163963826556,46.4874949911402,127.54151682556017,189.94141897266826,196.9720501611718,189.38856586802896,178.45510481405233,5.6855480601980535,4.045855707717198,3.6877452656979357,3.523154464306061,185.75409128924665,saab
79.37401086131138,51.35503264912146,85.08465013751875,258.4790769108233,109.69949192507048,12.331042904413113,794.1774572407976,39.38123867546178,134.48413249479108,167.58837331365172,226.15928385098687,140.41191230152532,189.46874758491143,1.93982789019114,9.088185327048091,8.96247318324719,7.059491087497129,195.38727059442184,saab
92.2177514561106,54.97798219743955,87.63142640235964,221.58833548327044,102.546494275836,8.895104600701762,842.1609816489566,32.04025518143911,133.9668523267829,189.24826212376738,195.48765086873425,169.10757662785173,171.29909701415758,2.166019720638018,5.927307946086956,3.9531158837287603,8.695029518910115,195.88274254926435,opel
87.77423020786921,45.44719663281355,78.82580881311858,238.1743042239621,94.51160194371856,11.433178679519303,905.3126990458143,29.816284685039356,159.06544157109963,199.98285846330936,240.6428629392912,227.305795122705,207.67379271322002,7.74557482893922,6.332803434067188,5.192882740872674,6.628364784623217,205.8462295248674,van
91.42387883723902,50.556097451851045,85.96269328718263,238.21095200122562,95.68327023410295,9.49209658720553,958.029471658588,28.90826671909795,159.58816306467673,189.76746776624415,257.4430621136811,224.64161902866044,195.04416833871343,6.92215606459287,11.274423289405707,11.274164815985484,16.619406939654016,201.504744987739,van
89.00781209709477,41.25761480495029,86.62360128021145,251.38739605316138,123.48526321862222,11.319299996164741,944.7516146218188,31.76698694551023,146.18510585175906,201.81989882622798,251.05810457198965,206.2197140463505,183.46315405564548,5.537880926318203,10.89388829277396,9.48917279694626,10.103000165706506,207.9809104866156,van
89.01896687959665,36.68401995631171,72.69266673462104,282.4361992443439,91.5807968375392,12.467571823581496,946.6295415936545,37.95524192355001,147.2323891412916,199.25887206193036,216.51291484194329,201.0645636314085,168.04895991439463,5.864525901268311,9.381097188687193,9.389525723753875,11.546102339302433,193.8651935411786,bus
93.77305941998564,42.49139972939,73.44245189181837,293.7678654689617,109.2273246819062,13.518310320605293,846.3930494007196,40.64372951898508,147.6536234939963,185.01939372685587,195.0856524710723,209.30249013260658,165.69254647123626,1.2841970972034256,10.060390397726703,3.427249069290627,9.805104783274416,179.34351968394404,bus
77.90882944284402,52.51582694073179,85.40398286191977,252.19625039749505,111.83701848440562,7.776464275614561,903.8648004404712,41.44956230367075,124.16532687544014,185.23219011176937,148.11421501817222,192.90639280138484,171.93582633681882,6.988820562435261,4.689007915742472,6.1822076500210095,9.95567796439611,202.32561720360553,opel
82.1639525719282,52.07971442171102,83.73870687194933,229.50662438869273,102.64724553289093,8.314011548795536,925.4111262045865,42.69157711452591,129.96175351757256,190.5505454894255,200.58020379471992,218.71946318531235,181.6465458749262,7.764275989693348,5.627876946912642,3.9127389562526305,9.169337922386438,182.26032955750898,opel
83.45245057036385,48.5703398073172,78.94940187681313,213.39859009741525,102.60059347424581,5.483470741265425,819.2527948741979,39.41347290382559,133.7365340562115,171.1350510967721,209.82007891915507,208.51328906513953,186.04171082186284,4.068287786680425,9.469525586247155,8.054140601288278,7.937344152250079,180.71854669007195,saab
97.57523843153024,42.67869019532015,71.85287840232135,273.88179985796614,84.49479723857822,12.273070662165475,924.2366408647238,39.50682054731033,133.10588107132673,199.2097294438939,225.61272808980272,231.28303524236532,180.67176956186444,4.4239222521558474,6.604124542030636,8.646559831355411,9.409519185105198,191.52697711042157,bus
91.08373353831881,43.83708330434083,78.92619393812434,319.1060027982179,93.05548361785243,13.059385508713461,974.6344284479761,31.992122673044722,149.76357769356218,194.18477326898355,278.9818885061745,226.16279029037014,188.96030122000505,3.9511037274746963,1.141102619995464,8.67893700903681,8.46189263510215,202.93818467143817,bus
83.28847578275426,46.71868615547013,81.90411406390552,237.3321249402761,111.45736502169682,12.10818488287195,883.6566846116484,39.39868650494516,111.51889887611463,174.88099176905772,199.91474124712246,188.26910157581779,182.65927100778396,6.4708635515136015,5.187697166852393,4.553853790175711,8.129908795601422,177.3083768135785,saab
86.60707638121643,49.00885201345145,87.5658731908198,267.7593116794674,98.15132102399271,9.461083173701459,872.6230905949924,33.2514786708667,130.8930800753299,182.0188719429148,184.89701865589683,181.53141588557216,171.37786292030637,5.940785484018313,8.99876189278558,7.505753315031334,14.153365243273996,193.43213083206132,opel
84.53048215643476,42.73740409648473,87.93507010382676,221.32019075568087,109.03183175192349,8.375883552865513,827.7102343086591,29.038294311860277,120.11127652364416,183.71724424184137,179.08610058244176,198.76907192858565,160.41522418899984,5.216983297356157,5.610420757433529,7.0051495487428745,7.057041730865863,187.70513475466402,saab
100.01766448946012,39.91639362414341,68.2217588720543,268.5113314179991,91.58328626770118,8.012528714857089,963.1292051713591,32.85614621954381,151.45215585950058,213.04348109786744,236.52094342883012,194.82890631847584,190.3768042731443,4.778669262885341,5.872105023883513,3.0435495012503795,11.413828946468929,200.95490897639257,bus
93.13517239432444,36.31371438095821,85.21263500354462,282.15156612799024,97.94159999505769,13.339845562809277,951.4595251967784,26.554761681211566,176.378817522602,213.20995789540711,223.8481731980341,203.15702697745522,192.09477511323846,5.884072000663395,6.322998767232096,9.129578211815296,10.791266754467728,185.4178688618125,van
75.59782227968459,48.435901332537696,73.94237856251395,258.68354073040655,98.92385584460003,7.6258849670526745,902.7847124441575,44.35851809163665,148.10522478420992,176.7769804579024,204.73434242052787,193.43338302139685,177.02785404228254,5.291196157919091,8.220999731294768,5.335454597499823,10.960105151387657,179.1325523926999,saab
86.61660436264494,40.719233748422674,68.30376946806547,264.3146848234168,120.70327178824547,9.545787984438148,968.3373203946129,37.96548167366762,163.7010185361037,188.1801800393178,249.32862574824634,194.35292154996012,188.29281192379364,4.4556152243912415,8.178790557863227,6.835877331813975,9.52075450602524,204.28761258880763,van
85.02752465570369,44.848427673132676,84.73951833308512,284.623392635346,107.7112554726069,7.042906126002402,946.4889819241191,27.715264103663255,148.28326346075215,209.62502885800103,290.5985549850391,167.90834402469335,183.16799415625388,5.572813515589915,5.319022717267126,9.570691206020566,5.57002832944584,191.6182351766847,van
82.74390586528062,51.186290706777235,78.27461815739105,224.9776433071512,112.27128846989105,8.579822348075325,827.1504083087384,42.31630520350201,142.99871243530606,171.7167905730944,207.4173558494205,180.5127273639308,161.13279755111586,1.4975441692446485,8.035062847861253,7.21359005011927,6.150012889440914,182.30958908111919,saab
99.8777256356118,43.598399501733006,67.73390280142526,284.15503870910953,95.08137441345576,10.701444909867986,881.3583423954117,37.837807268556155,158.74438093170818,215.24309623286854,213.3184553804012,231.96348425333338,189.94263103359515,6.693541550432988,5.070924410179617,8.385711511635623,13.480964542929453,206.3955553602547,bus
98.03304077431957,48.78084613844594,86.17647860573196,224.5153576184641,106.00698223521066,12.197966714883929,972.5247861889018,33.23837774388754,160.8299993851687,215.0084303028038,225.6002093355612,211.1000587206675,182.0800896735158,9.9446889581644,6.38469888450647,7.346704873622777,4.04593617566227,216.41428627722314,van
92.1620026929528,48.567957802302374,90.06660344849803,226.0741284189521,121.15359402169011,12.880313263670125,886.909637389566,35.19952963273835,153.37854951326483,186.01236788151672,196.17330277674446,202.152068724459,187.3761519550611,1.9049378354511073,10.407454309394476,5.017115431207687,9.767194770278415,188.60178831691704,opel
94.1034981550924,43.78574269893634,78.0875101085232,243.26209746429723,105.50346377641142,10.092012773472682,1033.5673787718738,29.119545074980685,144.84829100907982,197.74737357508647,243.02814781249555,233.82521363263666,234.14572502902934,3.550000222679899,7.678880780996405,7.633509513581436,7.407144214178393,202.31730942030393,van
90.55049365603637,51.07137477867244,86.3070773739776,220.1761156475089,102.47777450038285,8.213527181674309,875.3077191888317,35.80178241656166,143.27568116112033,200.92098571617908,212.53541202284225,192.39892698799386,192.36114767848284,6.593871851317191,7.014306512194975,1.9138136210504424,4.970799899393848,183.6739278026115,opel
114.26365745327361,41.46639298438739,77.93624736736751,291.4726349971954,108.01948644275447,11.269356897375783,857.6821672504564,30.636134279139206,161.42672953255965,199.920188479928,255.17240968390269,224.64133454670772,173.24369718313358,7.837062690296073,11.135812676327104,7.4515230462235085,11.906389533182749,209.53275476042543,bus
96.19831932215594,42.84277994214692,80.88161179032012,254.0330581025851,86.38478215985332,10.031364472943249,909.2621998588226,33.41760800448288,147.58569435275007,199.5866279519083,197.52014363748728,174.44638075259599,176.00340884219335,9.460643629714337,7.505328072207163,8.017715407337791,11.672225670553557,191.3123245542709,van
89.70680681949457,40.24414632186015,86.71546950538458,297.63427063465093,94.93414882628018,10.719477950253577,905.324245374036,26.907881161589188,157.54958766141965,203.73533683411767,245.13501597323574,205.59963944680652,163.9329307623025,4.530378204931618,7.643953419872323,5.413755499190059,12.83315566850617,195.050354491093,van
89.53394981230726,47.75453583960035,86.54171641676692,270.32576901112026,106.83714444454237,10.15994434206722,953.7727065521148,32.94451375706513,150.11639625649167,191.47520616632244,217.1494037169745,257.4816539601983,180.3534811179777,6.162746118677848,5.8919112318238405,7.360642498354598,11.734324523335095,221.79854516737146,opel
95.02803116315657,39.44852579817679,82.30521243203538,241.52480635954595,109.62061204180182,9.660295284644539,898.1928214012402,23.33294637284321,142.51200203979946,213.02590396786232,245.98171468042213,195.5957595798642,191.48970722427023,6.417707085068663,6.725025130349977,11.185928192054762,13.414450992902855,191.74708039169136,van
82.25219141122817,47.81376053255558,72.68429320086683,252.99195915037575,88.02042665115401,9.572249664890721,920.4360995315147,24.886589484790704,156.07840338735008,199.83776882404058,217.35701718567987,232.74762195257827,190.17820651776688,0.4523701201321666,4.6564774533436655,6.690460448752102,11.02947566259225,206.65334534508875,van
93.62170105007434,46.70128523332044,81.14549914486227,251.56235470472032,91.56931603708523,10.386758903848317,828.2343834108556,34.08014602760836,164.48820108337716,202.83053162258653,245.94454443170173,217.97527528849628,186.14421386780404,8.548880455697807,8.665438659170375,9.611149405612347,10.161692041099618,209.43715505756043,van
92.39060613049742,46.346165681471106,92.27907513034954,244.80251328210488,94.93613242662619,10.09390906885642,775.3405093895534,45.99418544267942,133.10539637914204,177.8191802075105,196.14387825385174,185.86601710612973,163.4621396752789,5.324613793295936,3.2583159103419885,9.203985309226827,9.000955834395205,186.90210959342843,saab
88.5687884174014,45.81264617922087,84.17470521175366,180.63263139528294,106.36008175184168,12.013057272624533,866.0602510114223,36.726332585126784,157.85226535671356,172.52782691513255,229.80249573785633,232.18686751219752,165.6366634094882,3.288934660188768,8.471133796605145,6.136497649937745,14.11651913594628,195.77639571786642,opel
83.60750604515248,49.77557135617155,82.48674750051102,279.3690257872058,88.21450029383038,6.914449886487162,815.1543693364009,35.33957051592478,134.40159539219613,176.79830491779273,177.08975509749308,193.86011908233198,157.27055822519492,4.402032005256318,5.531359995373252,4.648378039321605,5.7326964267258385,185.54091826737704,opel
89.45687228119291,48.443345514768886,79.07035765181988,273.4408354608464,102.8624674747577,9.572546673554886,893.0928603622863,42.894318639037095,142.34892962677338,171.1589085897008,213.880420090116,221.66784287166703,157.6345190969867,7.320096857812818,5.488049417369976,7.069538496188914,12.219626414800086,204.11265496493013,opel
96.28351240121277,44.80047938348753,78.23326545447179,266.5447221531485,93.19509397638441,9.002732208423097,989.892535069107,26.517088913425034,130.58141340620594,214.55434483915326,239.7696982384671,207.4518625522008,190.27070878702335,3.2015434815507375,8.310310685730713,8.167745003521867,10.454971816435053,189.84004568831972,van
89.8046608930413,51.88556505105996,91.13177893036001,230.65547275111564,103.23558258916309,8.770425304518708,871.6873804674268,39.62556390653453,129.37863933530693,184.34141442233695,223.5852631715846,193.11454565538068,168.13177280470364,6.252786899444131,6.087816603754313,5.790897222862947,8.489482405797649,198.44685173230616,saab
89.42421291400579,48.77101509735307,86.61431615809424,245.5559526175543,107.58561205282997,9.376519421544828,875.0545004654387,44.793474277493836,129.72030585513016,181.67218939304527,192.34443196580884,168.17480545526524,155.85837139654288,1.7635361212879372,3.3462448812659544,4.4428259063765765,4.399823733243808,192.0125563944337,saab
88.6325581116803,49.39812743402007,82.91485034488686,234.50539444030093,110.82705596969676,12.611273674734377,949.283820550742,40.47340026262071,115.8792439368437,178.25485112324617,196.42586230873007,212.2066511883344,176.56259305209554,4.857622360866011,6.5223690825592575,1.9281948597904481,3.4006555417095736,196.97488540038174,saab
93.53701784859844,50.16509535606352,68.53209865002498,245.6066109529808,93.92823440877324,6.65766045501187,972.8662140543382,33.85570169222228,163.89764133946355,206.63545618498435,273.62984914836034,208.45011400214025,163.84491096405196,11.584417735819923,6.5974208584169,8.004463244324803,8.486731950108492,187.46598281704982,van
95.43523534119086,43.254038544002555,75.5195387248374,279.18360158456875,103.82034536080569,12.152010782824822,951.2031262905731,28.53475756625365,151.55900776529762,194.99291405423355,225.88448258026986,229.6374140857659,174.21751418586905,5.21881694366594,10.945084353579617,5.731428304621193,12.419661698517382,197.43123458512892,bus
98.79484610246634,36.05709581465783,77.66557986891624,258.82156305456823,76.83681002434487,9.90617803463612,921.1799532796731,40.24123498447843,143.37207093927705,201.93478911913994,207.48645425007575,214.0220563305179,179.06478932365604,8.352786054416406,4.5218945949467155,9.003649707363873,10.110346342908569,195.25210867540082,bus
79.85872976142413,52.35751934461843,90.28073973751239,242.72249268151688,116.87547230752183,7.876678886149148,886.7469765081624,36.985438184429995,136.00070076881582,166.64308478306924,218.17369524550816,233.71740304443045,192.84398994385705,6.758527810333121,7.292470558044722,10.219083314076737,10.933399329694026,206.31749484241078,opel
90.22429110299161,46.533589720645026,78.4896209716204,247.51493763439316,116.67328795350953,4.548129164083845,845.8069898326781,36.79674347850063,123.09507134263106,159.25040319104698,167.1206633675601,221.2687144373492,176.67609654797437,8.636928756763186,6.722864753205179,8.927475754346215,13.404919150711077,209.7764481881943,opel
89.11510151481082,52.94193507801228,77.4692536093089,227.90638299745177,104.71746512324083,11.587635381629452,893.7624343784182,41.79702920741164,122.94928125746196,193.51088946337,209.4519541826699,202.7645047300368,184.2047184742356,3.545068587532656,4.919065384220868,11.201974379626222,11.592105386704073,172.83699234002293,opel
99.54565506702275,49.57717227423976,84.03166764688699,233.03868803938983,88.81755617260562,8.999604365808008,954.3508240196194,34.66366608102089,149.3890249199413,191.78185171578653,237.77362302404399,199.2241939084658,198.88494320520016,4.9890204891109775,6.204681229449892,7.209432903967638,7.907907316251487,208.40606712783384,van
85.46315108884518,52.78078029710773,73.42837688694317,239.76472884115393,96.26592950438848,9.231086242045818,839.5859611885874,24.49795644172503,144.4773874788739,197.18835957535444,258.7211233587203,236.7865317896,210.49584117781657,6.628258992901332,6.393778332093371,9.089164801587255,13.460508549344631,207.12481764433804,van
92.3511989811648,35.14324554884907,80.22674822059015,270.5951227899149,80.19387469598126,11.367183100610395,842.9155442933247,37.00437667975938,154.53125045376086,188.5245819436484,229.99370220605869,243.62733563662368,171.66138757657512,4.168066144105283,8.364138980125263,6.929984779987528,12.905100026705206,176.09989828817058,bus
92.53722187170446,44.485362214591774,80.4969954231086,250.31395591915518,96.94038081864568,12.256479566537674,938.6140192582124,35.99239053395114,163.90255327511989,200.5844948070565,228.43773082568714,235.0903740476238,193.3589031091991,9.359494764443058,8.212365838880432,6.0986186131694895,8.444086007546272,212.09010198900998,van
85.08187120965647,52.74247749687393,87.53394878469925,237.83657415432202,102.62118936750466,6.2851151409055666,874.7882786507755,40.585657167370414,125.02969309334091,169.45406759567447,187.10143079355404,187.19211065765714,172.7632584429514,6.185075667216607,5.225022673460619,6.626483387387233,11.221263642143255,188.65181040302647,saab
88.192716586338,52.62771626536835,87.05052352428123,210.17817729336772,98.06318386283709,8.475463455811973,882.5333814396043,42.26253160754688,133.15522940920252,168.99170360904085,183.30340178906653,221.9220684772496,177.18271359826602,5.806116333473866,4.872303336280281,3.3787084313912548,7.902657764093981,180.65179387133887,saab
77.78399603107103,49.38695778640278,92.54567867545991,221.90722959918108,118.9874182967661,7.328968335933868,836.0193640047662,37.07674749756499,132.88150041540254,172.64835121748902,177.69747474673025,172.38025223028828,173.35285643812304,3.117646618412479,4.807350621816159,8.352688112342909,9.319516204257559,190.7058470011986,saab
80.06528631749222,51.251462605963646,78.22819291372475,230.4024225916172,103.44490535600967,8.39643465544164,882.2194226769091,44.6460121939279,120.46842495244908,186.74761800233037,215.86524991910062,185.67545216565776,179.14927080997967,5.044890421853388,5.505656775511201,3.9141434763825247,11.009653470647223,187.91283665690256,saab
96.72934821842072,50.927843073746146,73.27971546518077,218.35553666507045,90.99530308774425,11.797338320678348,922.7406877636839,34.88517978274059,148.9390936465858,198.91861009608584,227.8547717182783,182.71788012363282,191.17658869125506,4.665333237567039,7.7188930289951365,8.171026659279198,10.719618256854176,191.1428620020031,van
93.38300382755591,50.24076763232359,77.1890233198381,218.89252532317516,97.8207198671705,10.937956156296936,943.095883266926,31.59691277175731,139.96561096500497,203.81425617534342,242.94596000778168,226.5280663466105,194.21845738327906,7.576408281594373,9.065566418645249,7.085562921361608,12.778772473253177,198.82827995025625,van
96.50266538665795,48.16743724155227,79.65562780955578,282.47769985622307,106.26686968419224,11.275211624462417,901.1799975668101,26.811545735100076,168.7987454942101,196.19236596138197,262.5470017871097,227.57927946141302,186.2991336382834,2.249985225056127,6.894861307762295,10.571164468723358,10.031637135223077,199.43211404113723,van
95.8728890641592,38.115846777526706,72.5082725165952,271.6456797855085,84.62701305649558,11.987858176920213,844.0191283355495,43.68377086999126,141.92038470360959,196.05894453115235,249.0652132664207,222.35298585982844,196.66111029146768,6.785907740217539,9.127881975121712,7.746697119422796,13.138918945157897,194.44079551477788,bus
91.24790665823086,44.80871151422888,90.64066072041504,209.4483811728848,93.56586496263084,11.236337096747949,797.3948834153532,46.71021675472309,123.35293318382433,169.91518572713684,223.36666459212321,212.9674555541958,161.3524076609514,1.3854753808685318,8.663466276696354,5.7801945861015955,17.422910888991062,186.0627080631426,opel
92.57318226085448,36.828508670950626,68.51362003440062,268.6849947785403,101.07418254808414,13.437906621330134,901.2109728336379,34.163112505021886,152.40824345420125,201.17005949576696,203.99922871204706,249.08211032510982,183.5991971165008,7.274629084729458,8.357893975524465,5.480593765039426,12.067892558030607,216.962231421528,bus
86.72707090821928,47.81615229154029,93.94082513259904,268.4702697520691,115.96819162386254,4.904860411727378,880.2048713177784,38.25715667046105,127.39391667666042,169.81865943333142,209.4948420967978,204.0010934237029,176.41064068206197,2.018691845001523,7.682082553923239,7.400419695037531,15.60672982011874,187.19758083940144,saab
88.23064838012085,48.626659296590205,85.89285257007754,213.86960335086877,119.56141929209133,6.498746356046489,810.7839514849873,45.165875556261454,131.79414171048842,166.27215046472358,186.06117079723808,181.12466785006498,148.68659022164834,3.3711124194047413,8.055918004515597,7.323473224193895,9.429254811083982,168.28027528207448,saab
90.41324753878733,40.29215154892013,75.17630951163511,264.5812729000473,110.90701210830672,8.287302963437591,975.8322222967984,31.871801688527405,159.69369302408055,201.2936800670382,234.19092167544423,173.22962753455857,176.0349743255134,5.143363484404489,3.728400302530389,4.1291400805723875,11.755063996863395,216.2643073460886,van
87.60945494943606,54.14048695925061,86.52160665495889,247.03922148416112,98.06743556459602,12.18445014729755,928.5316836305722,46.448357309011634,143.71283053164296,164.3812142827557,246.258144413175,228.7919585486027,178.76614456697618,4.1581328708324685,7.348735175536606,5.099916239468367,9.784847141163342,194.991834608138,opel
94.82086980445024,39.191229390264425,78.46243276308324,282.21171490567644,94.18268390428399,12.83803801873209,977.1054976283938,33.60273281552721,143.0509171964732,199.72406277880378,194.15474609788762,209.73103567835503,182.36654081751178,4.250355886756388,3.8460070356180056,8.52805956314572,10.884426353164002,187.21162957179564,bus
86.09359133070744,52.67634084107009,97.21318874031758,197.7050027541734,107.46317733940828,8.750719392288946,751.1589215526204,38.438363254313465,134.9200405410296,174.2703056811872,191.8794169117457,187.33810157680412,198.7593195290863,3.061738567745075,5.016466774687594,5.828272198404476,2.1804833923595037,182.98961228133365,saab
87.60739004816287,42.648522698084186,75.59599383257536,322.6476412967478,88.02258093983522,16.421046003182703,983.4952252175704,39.43879936782489,148.08050539504103,196.84740578895725,240.35322933687004,245.38567847283537,179.22467282430705,6.479306303449343,3.4122150042642194,6.545047480093184,15.712961272535996,193.55095420918568,bus
93.3199313990405,49.533714614186685,91.30191731365812,213.8130663041024,115.0858122115244,6.343638872252984,858.783685624589,44.14802129747663,143.636072951997,155.96240594355407,219.8113365488558,232.4027738564261,164.72509724248678,5.746132132664199,5.430979391321555,6.104041300879239,7.492240458282945,181.46879819997554,saab
78.36100663260285,46.61010443773974,79.05626065973645,231.55170778972783,101.34385771966451,8.41097285512004,816.4492577168774,36.995331121504485,124.36918922947626,191.00907991888914,176.43640625331446,195.79139448267296,163.03397327885133,4.088129269825876,4.350078626817519,9.844449120538906,5.3361078461843245,191.1639429053036,saab
87.81427240228565,48.94630545952199,88.42567416762324,232.7863926145912,92.41999195790376,10.337160728546763,895.8884098897569,37.910341086489964,126.12508685094566,184.165676137777,215.26284601419314,173.73482626937442,162.86772888215836,3.614787122478388,6.525283975743381,7.175389803735625,6.438239107437845,186.56090738456854,saab
88.2113153248249,49.39931165072035,87.57033207481703,268.763911704175,101.68951905102482,8.800898633630062,868.7009227327969,35.40747026444889,131.3851211471848,163.05960718774594,214.80975298935522,190.4604828009188,183.48147764237063,2.512653771622316,6.957275255117046,5.3804789168001355,5.731309296561269,188.12283133508433,opel
86.23153859330071,50.80847079673024,70.42463618855533,246.5922846922361,100.63171236534468,11.00916362895478,882.2014827570018,32.151072761473934,153.93873218164742,187.92240607456648,237.06292957489399,201.40730042944983,195.3952127152948,5.546115067724151,5.881925755975805,10.34132325863532,9.958080314571781,206.5523362851376,van
96.2155266616162,43.123476583158364,80.01888636143796,230.09652080201525,95.78774650323166,13.136364859054652,876.0611438076858,30.591023629600514,130.18035514261288,213.28166053957332,216.96004904841715,168.38518949218042,205.32452820741412,8.698270210226859,7.227774447827716,6.519535494902583,10.344825315277395,190.28937970892267,van
75.10853574929735,47.67346255995503,77.65368900926698,195.4331512010044,106.54239034005015,11.277821222960096,867.7090436644471,38.989333206730095,141.23755067231494,175.80125837715642,194.64985926652378,227.1671433286121,164.6829792949352,5.6857069315632955,6.790359268119075,9.232861497564414,10.594866194411678,191.1184513112961,opel
90.37965912395515,44.967547193552996,72.88198143734087,249.58878885298986,108.65689850394513,12.447897506292009,984.8987015065048,38.714248695966646,153.0187338072101,201.08014120979502,235.53054989526123,213.90153850845203,190.9753694678317,2.9723389975102927,6.515026444460801,7.575820660159149,8.323601283812978,216.3012996487441,van
97.1815144603624,41.41466936563175,84.4350829682094,293.70189790072226,105.59135748064631,10.271126832829419,960.114020381061,36.36161427429455,149.67723105897383,193.01738151248608,218.4093429566792,214.9496109528021,190.57832753176476,5.248999919848858,8.01545578635137,5.359845624525397,11.016927681004784,221.93449550288386,van
97.12554576290887,45.83788033459109,74.75338610996049,225.6683839172858,103.6535040858432,9.641497949286176,934.0576822252634,26.23175926570302,153.60441676292774,210.3718140564905,245.69509186771137,183.35103304210867,221.82446960995304,2.4117129776027992,8.28408895766109,5.3197502086904285,9.632692030757807,202.49609458209713,van
94.54304186616721,48.05544140653369,74.03342886920124,240.93171783232293,101.43931495637133,13.273479923661279,992.836871073523,24.020975414201423,154.16801574483114,201.37661940868045,256.6631553325887,187.4869006439883,184.14386892579293,6.116425454170113,7.249185107032076,10.930421006962762,8.413250862686034,195.07081725050747,van
87.61661891364294,54.20309716188845,88.70841096358025,270.53634232084784,109.0912950910316,7.917017790845241,841.0659556196008,43.16598974389183,131.8178123258716,181.92775769708237,141.0619156143197,213.27214435136068,152.22572088160888,1.0178401527770529,5.476109987151292,3.623230658519858,6.658786182214118,177.03709811007909,saab
79.4383626516471,50.327377338118154,94.19428229552574,226.76465437668662,97.7392141232179,10.216889203445785,838.8712536387574,39.3029318621323,145.40752376516772,190.78945092717976,221.68955049714575,217.75715551938742,150.81896217771114,0.6573354647304557,5.1953799544945545,4.183866058480069,6.8520983304481735,181.6696022426108,saab
76.92865907057724,47.33503171071668,76.16529617387798,248.55353542019859,121.41207571268465,7.556607091969115,964.3003474885222,31.96556218248116,146.75656363228237,175.1487005790013,217.35058095122824,190.29779961391876,190.95741016233652,6.668201143820137,10.65725052488365,9.953844044429399,11.256431751044891,208.3188884837022,opel
97.74836009439373,43.06836064215793,77.30874298083283,250.3205056459032,90.49787808065979,7.984176609143588,1013.5532663003517,24.93896636365914,138.30519370796983,201.03538153949177,222.64155074497694,223.73913264197355,177.63081985352468,5.119450726298393,9.782687803210493,10.996023540608855,7.884668439502118,199.67518964157907,van
92.07267729847662,53.74435738472806,86.50281917161057,245.92400886709677,98.97448869769227,13.172528201616164,898.7453843150388,35.91916394618367,139.6601884787457,175.1236092650142,224.40027063672503,195.54869858457172,206.87410769780584,5.500295432070713,5.198376517977272,4.113769421644378,12.503747260421608,188.49047257861912,opel
95.5793637234548,47.18314685412942,73.69626006903319,250.62791731065553,104.42855624854235,13.378377867303358,932.2012957807084,31.916012573571034,146.42172066558734,204.022680772013,263.94336054495705,219.97766389536426,167.8120597246335,4.454915776315528,7.42003729112672,8.670108703824344,14.993925465898826,201.23429181703648,van
82.2541019889161,45.7741368886001,82.84280185440915,226.61806479724572,100.30525856380652,9.2200696478657,892.3058853188292,40.510809578207684,147.845698459572,198.18278703742823,228.4819625768158,173.10026662783181,189.80910542224333,4.5956193292247605,9.907268301749895,6.824383296730293,13.535840913820545,197.1304786741025,opel
83.69458292216413,42.662178832598244,84.53893012589658,249.5593027199146,112.95030111728694,8.676917114969417,924.0666640189395,30.685877270361562,148.15967600800997,193.36563842780512,231.73152458727117,229.20610336173337,194.71666886312278,4.176765395692195,10.167166206219992,10.119900339524753,9.453518248426228,203.5166235497406,van
89.1583634209753,44.04856770547104,81.91044776534224,266.9909262766749,107.30145634940578,7.548163828012443,883.3735012628612,38.064146652053914,114.64046381198564,171.5365300848734,221.84205966404983,166.29015214262844,189.90458941495154,7.359076535215476,7.974173118231188,4.33551082647311,11.319634029303122,189.8094141197539,opel
92.60412881077355,41.22919808350644,71.08898335318705,258.75066448211464,98.39642172255468,9.552119466475487,986.3481925616702,33.25805451772062,123.64325786021304,181.3682599540719,231.292118517872,190.34953370462983,162.24239454992482,0.7455451592970093,8.01193110691173,8.46927509091866,15.888189185344189,191.12638035447188,bus
89.04348251398676,38.12329739158118,74.05195260852607,310.204090775327,94.90219124050056,14.381292549572683,910.0284598615472,32.12338672303032,131.54129076526786,204.78858050781795,261.13087129659084,231.40688025224912,178.79591699867532,6.87583107502131,8.9556310993724,2.7348087476903276,13.545882964873403,187.8395656372416,bus
81.28835993561714,52.7171752799294,89.16801474471151,242.2214181022114,123.32113906035025,8.83702911831411,880.189073477648,38.75611413405571,119.4905883381104,159.227716290805,172.76649939072738,208.11108716576905,159.63418433909158,8.85235600768355,6.904548755297157,5.719367543905681,11.304582384317543,188.48095291787345,saab
83.1224550968025,56.40429722465757,81.23770831181355,240.73614938449808,113.57362888647316,5.4740741262653545,839.9714409672116,35.717326514333614,114.72538643881296,166.62176938832218,206.28534843602367,221.5906848794105,207.85059997099336,1.1121421550155457,7.619083776505881,7.103360464511939,6.725508541500215,188.9977991761685,saab
89.26979100591639,47.74541422005813,83.18585397178454,251.68933572779895,104.32230355228556,10.151152745340076,956.974889807373,23.46430816376285,159.68769895681353,210.653762722596,232.13819598597078,241.20511059061863,198.45681812510372,3.873291000339363,7.607813578646124,6.187569335905578,9.933909782449179,202.33865101009246,van
96.38345399665009,35.501431632648526,73.61439281874793,306.9341465147207,95.10984177623348,12.36671983955831,930.9577130502599,36.1484966608073,154.6539748459117,193.16803381279612,268.53432972691047,202.00469546303466,178.23261712386503,5.296178839596553,7.9923983747266325,2.3677122740622467,12.933329973429586,185.30256280365325,bus
90.96805877586294,46.481425297795035,82.12019112310765,215.53663122341214,105.92084837707493,9.111484356085786,929.9561620418367,47.58202938396542,146.29318517441612,169.24813550356484,221.5004242902182,237.70642247951915,181.77689878190083,2.801288589894006,3.097792027066523,7.933834802150936,8.13402551796231,174.91986776829322,saab
94.63994939209833,42.44148106173386,80.01415267239085,265.04962728896993,103.887710425322,13.667057923217849,823.7171842714953,39.34392846470013,150.21122428379337,199.87872284871074,217.37054808656666,204.22316287614524,176.96997369475665,3.575652271647913,9.211800848714617,7.702959800704403,9.828029004772173,184.68044757905565,bus
83.39608069074,54.56882957154223,83.716441201893,263.5440101993219,106.1582845269408,7.400901177601615,884.4247987280784,41.22801224002145,114.83337453714078,165.79847768542314,198.50814645983849,201.84901758353803,166.9524720652298,6.651000439442513,5.215904434665771,6.456374577921911,10.519160241698684,180.27307722276427,saab
96.08229294790988,37.87799540955789,78.63605970807384,283.0040235591732,81.17128546227383,12.114026249794168,882.3416853594656,37.1851369920148,156.1432169466887,188.7073660630721,232.39422891932273,259.3756046689627,212.27092883836738,9.172094099074227,6.9283488425870745,7.632716643072289,14.350768994395821,204.97632076920246,bus
88.23452261628283,55.087598181695775,89.39907590453535,230.42445301668516,97.1178950496656,10.24137141284519,761.4051658876779,40.036907971981876,132.28482177718192,179.3345244169948,215.82280008711768,198.62922126961277,152.55934341008359,3.8027832019906453,7.154524734401839,3.2114044995911644,6.135392755247771,191.51330951995203,saab
83.37571036750727,50.856675764527,81.33399325546222,209.48553210050784,106.00601908404276,9.371312785027422,801.5758176519053,38.89807073928391,125.61572632784727,170.17122280708864,182.43756592789094,185.0159600344814,187.77510475374524,5.21796889298487,0.9530852749750602,6.254347838388571,11.624218864740772,185.3084949275694,saab
94.43652618522498,40.1187172402241,76.35196314237606,300.7876324556572,84.00888874511,8.552070539064426,894.2588906323792,32.392396620189864,140.70863659490243,212.55349780288475,239.35905011672574,237.06907295242405,200.4842960757613,6.591023383180677,7.400969924905045,12.19881504100502,9.787489456251729,194.66995918173666,van
84.36416071705176,47.00332636401684,84.78021156242445,270.9696530210118,105.23544821684497,13.91967450948935,936.9120854889453,32.1235772568638,139.23618812597942,213.52800534896724,221.5187438531787,218.44869945802878,210.2960374024961,6.928502476246007,7.2168600452879215,12.004854935289593,9.198587542174735,200.65788648648962,van
98.256956256529,39.74928361090731,72.75107515470242,293.90093257849685,108.32754058072594,14.400827815888851,879.8175768379002,33.76786286325704,151.03187431082344,190.21162543991596,244.47137764837254,209.42233211698488,188.06583547404466,2.585956704285569,10.715404687075464,8.32940549066622,13.777701821541992,189.10107682244393,bus
96.70590933209985,52.28217563176726,81.84407370024782,257.0233093525417,95.15875011515202,8.776732526610882,900.9337031741268,25.3188771744129,143.68597444433442,176.19260894476503,261.45083599145516,227.96234648244695,190.64546459981923,5.979069741894541,9.519574473906154,6.901682116472447,10.843576053730827,202.3604306382437,van
97.02962255898208,48.49129740402254,78.97845051922457,229.3606743230564,103.33972071857036,11.406285084440007,1020.6013439271625,31.787926868039406,151.2588653057666,177.4720660526866,242.8661261000001,218.6470542840068,183.95401197944918,8.777329040204965,9.408672419708157,11.053625327154531,12.456297912546448,180.10053730178876,van
85.4061439235048,34.37014490249378,76.09119753035097,298.1869488037116,94.34880123675546,11.802220693617715,916.158385709239,37.20594150416187,145.01205475362224,179.3575838828895,207.88278358482214,232.7046296597798,170.76625218762743,6.424644319160324,7.888396654581344,4.484263688182224,17.00720857747899,195.0422985899415,bus
85.09126230428056,51.98653845991958,84.95511521955552,221.50803667955716,108.00275569424865,7.030742870799838,761.2008876519053,45.098612496153365,120.10349033835637,180.21215791188726,178.59358902696326,171.2837017797011,192.9527843569484,6.293925736510339,6.16072465192606,7.890994609318789,9.140808895245684,199.67375988327677,saab
95.31025917379236,47.040629875660734,86.73424531221896,256.19789558761266,109.20213916718637,11.521012239168286,1019.6227970741534,32.20785703732731,147.6472609002756,214.69784258787496,231.28471006058763,202.31225246814157,195.08490270714128,7.219760094380838,5.96226008586653,7.24522696507558,6.83166529243874,205.71141242038073,van
81.64357875442948,53.38350001271087,84.43651065924658,275.6622903998501,101.55199115333649,6.361609894464401,866.5983706336194,43.19416531907633,139.14232644502357,191.90699617555003,225.66936212417835,183.0195313583593,166.60522358749932,5.379295909749796,6.2806146685983535,7.022664756735468,14.404772844797595,194.57581749210436,opel
78.18978314572621,54.6289781909241,79.1383255637087,221.29722504075932,112.15080629120794,8.004367181674072,838.2746232427055,41.16693090151323,126.50738114652039,160.22835583687618,206.87195070356432,169.45257732898764,167.59020070450887,3.6670288314369084,6.056640527355529,8.690234347223576,11.012061512178699,174.2984153649314,saab
98.41908429926781,48.821076948828825,86.24037091941545,245.98721402349136,90.56713428509721,12.02054917367203,873.9856603879696,31.20784360068706,126.98528282330014,199.4034568800781,228.69879052897616,221.1744767388897,213.08795800262362,2.9488565838778324,10.255576054223292,5.716116361677377,9.74098642525982,225.05448905356894,van
89.11358031300482,52.787052899921754,76.26547385306414,231.29613335604412,93.10276611432184,8.404209310512938,869.9026965623491,30.6577180925165,154.51914336867378,172.51616819308967,235.9926257060688,183.32505518561769,183.78732229648335,7.054383120080828,9.282909156642543,7.283423580635017,10.349623904936212,193.28098884358985,opel
88.85207708796555,49.25905024582065,77.5173834779976,240.7783165603466,107.19568142091073,7.020681424977463,845.1941474326849,38.155578064944976,133.0983268462344,173.11917873419682,215.74593145498176,178.04147273865908,141.9707958407418,4.105509790425386,7.911936799761178,6.592233062040291,10.029938991683853,178.19428982553003,opel
89.23455091542934,38.47465955833171,81.607061827198,252.46959618329188,92.72984263353621,9.692189546050624,838.8212916031401,26.515227879969476,163.18197067234024,198.06572371418795,222.72040301847844,201.72210115450287,188.76111136973066,6.937080323092138,9.620054477012232,9.161135374071229,8.702087450999414,188.95225326358482,van
81.93629692562598,45.60140195419627,89.35662751200441,203.12494082414742,107.05348184713183,6.017544337219075,844.3143768067199,35.10961287439409,138.41179516948935,175.95537712075895,166.25238170047913,207.16469188028907,180.18637958991485,5.549027974986567,9.188333671230263,7.98623505443201,13.88408107945644,187.60782235178186,opel
97.9774032541274,44.13615791859907,75.44740845238775,254.0169018623142,109.86979422668955,9.016086190261033,979.5568058961966,39.96873599440275,146.68647700912152,209.97265567658872,226.39011904471906,188.67935656744638,212.34399114171472,2.4387486541850216,6.388946634978959,6.621776404556419,8.841992273051682,215.7414678603241,van
93.38969241897162,48.61272983004623,74.66649197453727,257.24520031497366,93.44033317752856,11.859002443881817,886.4438199478716,33.72378425733353,150.05470159166626,198.47676483538336,244.89359161473573,164.40879844611393,204.08530250160152,3.5293930786360956,11.105944049003327,9.436389423508512,12.516763159233113,192.02623920756895,bus
92.13656689925719,44.976181163149086,78.3229552202208,264.18705028910637,92.65430266792167,12.584120668653046,946.0045773668725,29.143398757155246,140.60758459317992,197.55971647828866,249.2164973080773,180.70050507790222,159.62440129485742,5.346928294930858,9.325682186043265,5.0242765930187545,11.812322366317133,198.15710998167287,van
94.18102489129798,46.10590647378321,81.03708267802863,230.45310283112332,100.44295938762897,10.532911919699417,770.177686917845,33.71698249464599,138.8882296227879,168.75344311667007,246.95320005884898,203.961572340632,176.22198648956703,8.067245691465846,4.160349373084861,9.95585347231907,11.794472727394334,186.85574181738258,opel
81.74038869763274,41.7236039012271,85.39443102672371,286.2408811271906,99.66092756511898,8.117244993410742,889.5961002518056,35.30024857234601,150.90425324616862,170.19686254049404,174.11112829822196,192.823472581129,169.49794821856273,8.340187801166179,8.865677784724474,8.572596461800556,12.490213270327155,193.71244047684996,opel
85.26228693444722,45.37716970033234,84.91898053244213,250.8805025888476,112.07110012570165,6.078440883510219,808.1902574647914,37.99203215927518,136.77637101924887,169.66456374176917,189.2411206733372,161.3724621656947,177.16383229329506,3.573134605824151,7.580782153070939,5.173122395246979,8.737339360639682,178.66360134089422,saab
93.45236084528497,50.473849569552875,74.40076702633017,241.48813343852294,99.59249868156938,5.137095421807556,963.1521129798059,40.456145055828834,136.3316033230608,181.96637741750246,197.73272798753527,229.30758854997038,162.64398332083272,7.065077796602243,10.041201803526423,8.352203227299826,9.148146292234344,178.99264929612664,opel
88.14869757204369,51.52330567338102,84.31029441104894,269.0611939107979,119.85862884171732,9.406507656191895,811.4478921429397,38.085782933129124,133.9329513816648,175.46211603670918,206.32175644217867,191.79099913468733,161.14667050541547,4.202845928479316,3.5142568278737305,4.176813246827708,9.18520402938089,169.71412017736333,saab
93.12443216382965,44.92697871843292,79.5329596266801,229.6913027063723,104.62600436877838,9.693920593768961,850.9822498573634,38.17281619474202,119.83733499866004,187.32218073090996,200.69509141661837,197.63583108858109,166.709211371454,7.244283467839049,4.596929210521426,7.27285383613456,14.572185946939536,181.30895708834038,opel
96.86550780507537,43.049178508205024,87.68563746000036,236.8525489201055,104.04926124368569,9.346653504981912,845.7103780547498,30.004439778749173,158.76714186386116,187.15612963927487,246.75532198109204,230.21679470040627,199.37355391981063,8.076025054631923,6.981812389376861,7.448097096607723,10.462095525050762,202.42070670287967,van
94.57441798038187,42.06812440350497,79.54477129588986,260.03370090337575,97.2225080391019,6.085322821732021,960.9481957927987,26.5558013113377,139.59801289044526,208.07046416606687,256.39479434516187,199.4522187672076,180.57775900366536,5.388091136936816,6.546451724332314,6.11719366199595,9.9945137234677,194.89936049903918,van
81.68298423760272,44.11385360966505,83.95670744668166,246.2664207537311,90.26482631727866,8.77092243261781,951.4715295838776,25.130384826012193,147.78218596283864,196.85309171211907,269.2450920806946,231.6629042532147,200.94659405551295,5.504239761842674,11.039904011828598,5.974711117113821,9.180979755932247,203.82921710057263,van
95.45880388267751,40.084015366531034,82.00669236995884,236.78078132968017,90.3040278253456,10.158652813841268,938.9180538083319,30.72878831368323,144.81291243554102,201.04515326355366,204.32468668827207,221.32311914365556,182.07954055824976,5.62636894772996,8.011178483671749,8.488371420630068,7.829334224539612,208.56583385827983,bus
81.84510751597371,39.34928395794188,88.02897489689943,227.54538837992504,110.56132814094605,9.622779875392855,834.8880898642617,39.81049611992049,143.88236794515058,173.32840449933673,185.68312034349265,204.89196139298434,245.18626376538634,4.579344454269019,6.700378562508418,7.670252266147328,10.70849868088249,188.77938603521667,opel
89.15605551599877,56.733258303710116,88.4426026594114,233.39949079498538,109.22151079438727,8.759399354834224,822.6867995411268,37.39485014006727,127.31378376061936,175.9600926799705,200.01119984679391,209.71310287282736,175.9098585826251,3.8599071125440703,2.2420381104923455,8.009860588135766,13.128695911906718,183.75543370285578,saab
97.85445255346583,36.24048085469058,67.66723314664833,249.46969401177878,97.85412389593276,12.369360611729817,867.8225083841269,33.35674284818166,135.99379265352133,189.7396515733242,227.44210945213726,222.37466294635038,211.02404863755214,0.024382686929841135,3.3366355055879477,7.035226503867315,12.05405061613334,194.21769340941484,bus
89.6941513398269,46.4278910370677,81.44123506367734,254.27617587882128,98.57923204193008,8.155174030312093,951.877092074341,25.411361955953154,161.18894597930668,202.03359459998768,241.84110274623984,196.9622283493724,199.5299379282431,5.969056718546521,8.14772686882176,11.003905930377192,7.747838996521562,196.94367557593205,van
85.68685361703555,61.71564191203285,86.18309572475712,248.6908019450858,96.70139041358925,12.80177757920737,895.4708092571025,34.31312865407234,143.99643640725034,181.46632587646175,194.61709440386764,236.97877237123717,173.49522786151792,6.168977577294924,5.660895347248379,4.296905091471532,14.133579289454422,196.8852013847401,opel
83.95312193344043,45.67434647704285,80.27154247657798,238.4249475738196,118.14829942120316,7.3958059179507885,892.5704968381327,43.1962722925692,130.71668553880244,175.26185149185798,202.66998838122743,156.7429729330434,169.14744721689576,0.7732635275901205,2.384820701637085,5.294813805871185,16.123398849851977,189.0036828946256,saab
96.19978340914331,45.2831122511276,88.0198798768894,218.2432490457276,117.68543338480607,7.43491742734711,887.9341661809365,41.754444314501974,143.56947882340503,182.40580757726593,210.5769778958637,187.858456172486,164.35551740882946,7.137409960269236,8.15899747520129,5.4029592156319435,11.579152408874345,201.46548527716783,opel
101.78120014285412,42.98917442049305,71.5386487828611,255.45725648350262,84.48649745528346,12.661760464428914,811.9595594009612,31.25824519182162,147.85554074857657,188.5851309095569,212.60946142333282,220.20884526667112,203.8572382529386,3.584748210355948,9.053972526639464,4.254281097037872,13.774047725275201,207.34751914044796,bus
101.53571377141213,48.75921173287069,75.77532709185137,257.2522574538697,88.42920120732018,10.121329212362491,944.2022698180525,42.60476274301203,139.910363742925,184.12754061137198,230.94529594755934,222.72646635623119,170.59930557080804,7.741072287993427,4.656691305364877,5.856507916087877,14.282539962934433,179.571967817571,bus
96.07046872065102,32.965042054307546,73.47013669547486,295.56903725214596,87.61949197312006,14.079809374792152,890.9760043204687,42.10124357043805,140.46751590976987,201.68741655592513,201.49150747880824,221.02214678383484,179.86176198713352,6.442270725091163,9.441642597626096,7.356953327770779,12.728646039450824,203.447743757817,bus
88.65827402576599,44.861797504184146,83.79472529985381,241.2768911698503,85.54366884054546,6.514456052237918,894.8407809383453,28.01058251434363,141.89471370178373,198.22508116225717,264.0386333907909,192.9213418307989,200.78752999533157,4.451592363294199,8.74529637296011,7.079386474851274,8.378870983038837,205.10600690410314,van
98.16959511159006,33.93923575120579,85.17873820974023,239.48949658150522,77.43599517101458,13.076592158099267,965.879876780398,34.64654816317866,145.1961665769399,183.8347556005134,216.30949284688302,244.53868852236548,181.27207072888325,4.892190301988522,12.023113103168846,8.172331600785567,11.220599577697463,194.40173856470096,bus
95.1860531985918,52.57142197585179,89.02610682950662,242.79805914304168,109.39008786143522,10.781667096353287,815.1769455106656,45.593935972277286,121.57901310278612,174.35796205047288,188.56142907603135,170.4023376942692,160.54651889530342,1.8343189422633133,7.220879639618986,7.841019150131357,8.289443852633465,170.5261866653691,saab
90.73769910084526,44.40823205743908,87.5002388355341,275.6279943320171,95.85767444002879,13.470854869513921,883.292424878296,41.093599264270445,151.8543778165638,198.6803292495911,223.9058545332877,203.38754939885413,168.12051878567453,3.345046497476341,7.137647315409298,7.578609271747522,6.754298207400582,189.1692092640175,opel
92.88094911251346,44.93355863069636,94.06192431687575,222.16083238096536,86.02483446923556,12.175420852315732,1040.9449266100162,33.81634040862651,148.16471827842847,201.4542721740576,224.67354950437146,209.55127896038854,173.18848523955626,3.638055032671229,9.701438788921294,3.562860068097801,7.647508424920502,198.5351932927184,van
97.63172702860567,45.87964165598052,82.2150597691483,225.9272711178154,107.8810476102205,9.201525645803198,986.6073230071851,39.98206609657958,129.74787124454284,167.3242229546692,187.5744081703643,216.03210319452742,209.08897811143777,6.469871948508631,7.144720779816769,8.280112162065835,7.525994580433304,189.18539920111704,opel
94.61308920630387,47.198984692748894,87.96648652054142,247.5542352022767,99.69470099352569,13.286889637087295,890.8756747969393,31.5295141654954,136.78154388688964,190.82378711323443,201.0555128064495,197.32648170690376,165.7489310220265,5.035710602964349,1.8597049028392947,7.4198521048259956,10.353291615920693,184.86047087840447,opel
88.46729245883176,55.955538555019416,81.23706382325962,275.0675039744863,100.34186349992979,8.486810328420953,840.5323817048711,39.79885042998603,140.65257023580403,196.15981679917928,209.5471173972725,199.81834411808626,188.85995548602855,9.950627601872204,9.054008823575312,5.73512192384765,6.946776624645508,197.4514087951054,opel
86.18479922318633,39.39285961985767,78.42359201155895,258.4872434752445,95.12674289013609,10.392650864060538,869.5108547840309,34.469465014469705,141.30389663956365,193.19608318237593,193.47055743377834,193.16132199209375,188.2309475818443,4.8215316915571025,7.355500212536063,8.564260003062918,9.870633023299394,191.11653061698843,bus
90.47261246024387,39.48540350192592,78.63788106364095,214.70222311794583,105.67208152739481,7.121893712596059,810.8070490502078,40.219868659994454,155.9675346542649,179.6734409625969,198.98285059342678,196.28902930814291,180.10440138550817,8.71760527116103,6.622037510974751,8.816890331291544,6.586364767162541,204.64050170507164,opel
89.28514851084688,46.514462182285165,72.77135480402525,263.84443530094,78.47959293924565,13.484190744018614,828.0861010841317,36.15477451711943,144.2423571346454,179.8212625331919,215.30758860085172,213.3880050140648,188.3632460643619,3.276593859487484,7.848787875722025,5.615499341468207,10.586208777892441,197.76581505591048,bus
96.5297329298387,51.21796880672058,75.8609652149569,229.00179533917677,98.58680631351723,7.522788936570745,863.6830059606251,48.241690793778794,132.74038840649303,179.4141975989295,187.9340630244369,211.17977218458017,197.94303682100266,3.765179399310261,6.713335214499693,5.1332988898309475,10.647380026675096,184.06739334458234,saab
83.67551943785789,48.93688165439824,69.76932085070696,235.38578055030354,110.64853559884344,6.273793838836813,816.5038456336226,45.551435951834556,141.1470994239076,172.3352022709143,239.1420365245481,195.59580940731846,156.4502231173113,4.513037860734199,10.195349993409966,8.440972216508575,12.231520374459144,190.1050042360787,opel
97.91686799711287,57.763695861826136,78.25695850787643,244.00789569752703,114.40980565406824,6.960062562464623,843.6502587141472,34.266115366299836,140.00824289674475,179.3054486214898,201.23182223926585,178.81318625450348,143.25332714608766,7.932623605835719,7.645341261484023,5.118128094714229,11.754778421785213,191.20934980512627,opel
88.77213963982302,48.23567707757088,77.4833914840487,208.51027297967377,104.79662032996285,8.508115747048798,933.4284314359248,33.454112970086086,146.36426705084972,205.30683123010047,216.73914699430796,235.9997474452427,179.135461986885,7.564054775148255,8.965580248120636,8.333275790623677,7.160527612034715,208.77547553451421,van
89.65981964283277,47.03840609724636,85.22790203290565,238.55414680571027,107.66446748053637,10.431218135946182,887.4997544953869,42.81285112916914,135.1586044531103,143.64799772459898,195.683481722505,240.2180607082687,180.9997329979553,4.646649814583515,7.704049657578561,4.568913575897886,8.116245537646797,191.3288361246489,opel
85.33435822611096,44.23651112178728,66.85247689300832,234.67758338778657,100.05018524947535,4.33393941971452,966.0645735378694,33.28940188358301,157.34476745001217,197.8421287367178,239.75403101383884,214.72447292528466,182.27591940350092,4.527872693062972,9.204946872564726,7.772874870419097,12.029522429319925,204.17095324423246,van
87.0952536737673,47.173323583707436,78.07219396762693,227.406538959428,110.57830677699896,4.870052213116441,923.8860147651037,42.364362125300886,131.3549137231676,190.0831074874755,209.86391376979756,214.91053383348228,182.38335612304348,6.365800978775048,6.618108876208575,4.681009126323144,8.522014267471947,183.54155567027811,saab
89.71144535522049,45.76509315626446,69.8160553819211,280.35318040938245,93.40366049427972,10.329305893480486,811.9618620422091,38.48518918982898,164.58347454220595,186.89142488789662,214.56689779347894,251.1861269946622,174.98330665296672,5.777957458704368,6.31818424530784,9.479168012883123,15.515153744148478,185.49089270312768,bus
104.26139092254469,38.239822053212066,72.07724769741182,257.5036284460864,96.08331724915438,10.653018751512263,1030.0841557090198,37.346775205901096,142.1399577811989,210.80540686568372,223.53641744278795,194.34952192944922,171.3547487452725,4.398280505718348,6.726009021115083,5.608610245605872,12.54750309179764,202.4990023942371,bus
90.07813941997236,42.230009236152924,89.69165521271151,261.81591484342505,113.6376351713342,8.45481015798324,861.6797540630788,42.02766288054524,139.49641498616535,171.25609966793087,180.81290078703753,189.90784027972234,179.94910071896717,1.380046891250001,4.390496372561724,7.646713658954345,5.635061290400416,185.2447966985191,saab
91.21139128335516,50.09692071980812,88.4118533175405,248.79339444546048,89.16536244002879,7.380866395820855,896.9891511069615,33.28523547281498,143.285392018314,179.43493875340792,225.89282407147317,186.91316257889792,146.409906979253,2.239220306551865,6.893532664873136,4.465326068066858,5.960764020443013,192.64048845017703,opel
94.5008826340657,50.501904001216204,85.4419417796603,224.98199268088365,109.89725445564441,5.245921690739382,857.7760235061148,33.37996601040039,151.01129852178573,177.5929742815269,198.62588586805893,169.8089675506009,179.06297495582706,6.201827564830669,7.362918013885078,5.114073255100472,9.146611179556917,192.4929742521716,opel
81.18933275742951,55.680739755127796,94.25684064261809,251.56250791589542,93.5721076107529,8.38597928354586,853.239567506169,40.16123079732099,130.87204992037266,165.15586953824788,196.35919137828688,204.7368413793498,178.8958107542453,7.903858179034847,5.005260933719474,6.212145152773677,6.673862910982181,204.29269996621284,saab
93.73235938743952,48.15231207758583,82.86153895287696,269.42800696333046,104.8293409469513,7.831180450623522,952.539973315437,35.87289719615345,141.2683220948352,177.43644357146854,200.8867500397268,205.47189146523354,190.3892831338892,3.9345978248900444,6.782827046344114,5.947669257879625,7.907524619841654,191.55291243240416,opel
94.62777042116916,34.2076626340107,88.62415714682638,259.65423099799256,99.38183215407491,12.16365871709513,811.5780317218574,35.49281922713794,147.13293707372938,214.76440584515484,233.8583724606322,227.51016033662071,207.8150934073907,4.1806268147410055,9.769064095187812,9.38547033083283,11.60981911933914,203.91303686869756,bus
93.50496324767066,45.22191522861732,74.06593658764753,268.59668577082704,93.49058935739225,13.077511984892737,929.6263474600592,30.785270323414583,146.94736194718774,182.49592266030282,215.31184399367356,221.70116058168236,196.1750796931592,7.657281656496462,4.228024115202004,6.528060025578057,14.988354644733388,192.05757494363542,bus
93.76145954561017,51.74084611315841,94.63406774849473,220.72291140988108,126.0677840878536,8.360610102675006,845.8433237139253,38.29360145485585,130.74685842636885,184.71930343440633,188.23782802151382,205.1317534339455,157.16708468089064,3.391083957703541,6.147773872249108,6.470634336969274,7.496468589140894,195.35916209432034,saab
86.88625893423989,44.31112289146114,87.95112220304715,243.34005843391478,113.21755830594287,8.777291195228978,865.9987883539116,42.7315797555117,132.7721878343383,170.10084686976452,204.7799302129664,196.7157243191701,170.3565024569525,4.214312218465586,12.506459021606414,1.1324587055410458,9.520701617071119,194.45518443327362,opel
102.38947022370758,39.479427782529264,72.07436265556504,244.4650284835938,87.94098770061323,10.19218471707042,891.4907688737536,34.32471310723996,137.2712233217639,197.65878229652049,218.6564341990129,227.24937588027205,183.25656435317063,3.610799261673711,7.982858905440399,7.740122230537911,9.781885777622891,187.22628515154094,bus
81.81889748572031,48.675659418633316,79.62411066726906,270.9382358897628,105.57058289664259,15.001800995868564,984.8793485169599,26.65163946553984,155.3741200282038,196.67420620150125,251.36546754305567,246.12178235673923,201.21167457140584,3.154246184376891,7.99185432575713,7.857759418339328,5.6605053893779385,202.30711749074962,van
88.96263856189846,51.90490618254253,80.7841401467863,243.0816134190566,102.04936484555422,8.00357548297719,834.7894032028016,28.57563180552378,151.13456040056553,201.44326471726038,201.16864398759557,229.2469033853314,192.40974910529675,4.278869192372226,6.685929525965352,7.430748991492642,14.800293540461436,202.60766817483062,van
84.87446289653174,45.66308362723166,82.63045582724978,209.73441061684457,100.90005287295278,10.087308256561213,910.6442035881591,32.65757333341456,153.57679271822244,182.07929691961675,231.75880506537104,198.88818953601458,159.5962648555714,2.5174014545180863,9.093758064646575,6.047979999958297,14.368908114757208,176.0799154288135,opel
74.29284559840147,53.53442714397668,85.22531845996338,232.59996451603192,106.25809052913134,5.1504686925570216,890.9297309171607,34.67020087600718,136.12171618618584,173.0684477515042,204.488400767645,188.0779145643997,175.215103133675,3.8048122196911716,11.16058379738155,6.734720698294973,11.31818513375818,201.75918787609376,saab
98.23844269050346,43.409733339184896,78.4593417783346,277.98272228704144,88.07011153714936,11.550733700005951,847.7595402989483,34.52772589203568,150.6091944794124,189.26398227103098,223.20036451705576,240.49750082557443,176.16699759891955,2.765627076585995,7.392262918047814,7.246156403312362,12.023640554084185,180.83772944207354,bus
92.89677338617321,41.651725817102495,61.73318814595269,298.9395576870747,101.04073083317961,8.327589253793407,852.0280381638261,41.559858117485575,136.1812534877228,182.8882807071922,267.2774498923872,207.97171528572534,167.78462915276498,2.7926603429392616,5.9356628737456205,7.0143569338158835,6.275993588630078,192.56938801119134,bus
92.67669173946146,45.27135405566775,76.82319821895796,269.1259000418269,90.41286300038364,9.94156718829203,944.6902954980123,32.00999878451716,154.93977382205645,212.6858323564747,210.15075459988014,183.69117385900307,213.32797801221014,3.8880203761463132,6.806012823158135,8.627446365793814,18.978431710181923,206.25318334021503,van
98.33825755593986,45.9723669106428,72.2566314683227,269.47244498855696,104.27491918909107,10.463214948336184,869.1099693092332,26.50804413244259,177.79963624223555,197.39963749819555,254.98565113758903,221.95075411789458,179.26730521772157,3.8485267031167774,7.419117035977701,10.061838676733814,10.059986458619258,186.7515421906726,van
84.27566622426953,51.32313522615294,83.83995430192226,179.56790397075915,117.63008204649083,6.897767519918743,750.0827516427687,35.58389746611046,135.2399895558433,166.0616677936091,218.35544301103,186.00699612314372,165.46475650502373,2.6199748003708296,4.174642478608266,4.952481417946633,8.242939554027329,181.5313601207539,saab
93.8293152152541,42.019949115921825,81.71744946860746,272.2845529732408,101.55011683258607,12.21075101229192,844.8395817139159,40.187978186244436,141.6618051024399,182.60892924346098,248.9699845978585,210.97016932104964,176.9131594527653,4.8868230222002085,7.515951962442362,7.465573485880327,12.636280059222525,186.90619178917245,bus
100.15499761247976,38.02799626136467,76.55833501032889,255.93647149748224,90.4770429593614,15.256793246257075,893.9525925696109,38.38968670860169,127.26967531793119,192.33347670765585,189.37784994888557,197.0986031544679,180.68828720899467,5.88600426089475,9.901855096558425,6.169572464189457,15.272585011811094,175.88359449348243,bus
78.48686881784279,51.59297829142492,81.68168804844936,254.3182083225762,102.63615348879374,6.4101362293194795,815.9693927319446,38.3874641299035,147.96462615412983,173.41824725862895,201.8467884286813,186.69719401431175,173.3761505536992,6.8479653582403,6.361807931497952,6.785306355098075,12.609463181363989,194.3586506574957,opel
102.2129686400523,51.168549596581876,92.06610454539886,228.17301240403444,117.33165755865802,8.843226600541215,934.2835954591819,38.817279535953276,133.91580149868682,174.98762042499922,224.32524992937059,200.13849442087428,192.80142426224234,4.417335987750107,5.642591735776778,6.460518786776684,11.754763753996535,184.18523934198745,opel
88.56860432122458,48.087184708942644,77.14522733597059,227.56497794288225,93.82607348322574,8.933819195968333,1085.1513782202542,28.3342462670079,159.1987151595443,203.39355812756222,246.92234657595446,231.47243887815142,174.41333247448392,5.265525998401428,6.476479258634709,8.576056736610978,12.271096195161933,202.95140979337415,van
85.21532215150212,49.42333226517885,72.36848599332366,232.95550714005353,89.35435894935259,9.804949232508752,933.2598506277749,27.127740865526942,156.90910957392194,195.30235535662862,248.8332512837212,208.14250997213895,208.7456563027648,2.828308719228305,5.185413113015195,12.419711331496927,3.8661129885961953,194.34062869107595,van
96.30527636089944,43.900478933671,85.0586238736517,295.1151225114704,97.06927949989338,13.416217353377181,992.7046283167094,34.45020594148923,152.08303847201063,188.15370174239996,220.75875670895203,219.98617191283458,178.00256931157702,6.950624916955958,6.7059491531383,7.889547615663189,14.548835965548639,186.1924591039727,bus
93.39213097236473,47.32491224224836,78.03386871074373,226.67473227278418,117.42683759244716,8.549303732573984,952.3411420055767,34.400568113458924,143.10066593171067,183.11261699667506,216.26246834385984,217.80816010373684,163.84089035001344,6.579464249264015,6.4382615084046835,7.080857879666935,11.146545179628454,198.24606644894277,opel
86.02738530116983,49.73702658078469,81.96113240366262,249.17414625985435,93.83039760360568,7.127492270143764,942.4016308841981,33.82321098044992,153.5766136663109,221.96646054978953,217.59164162127223,172.27742592097948,197.11950228350187,3.742818653805931,8.288620038870159,11.970760790520586,8.403568329480693,205.9353943229319,van
95.23003093557276,50.76778002320756,82.87616572057654,249.65987851032338,101.68242432177597,7.908941028651894,937.0912430984283,24.29269369287463,157.41822294390127,187.7677976993807,221.55622189136744,204.46221288462394,163.911922717408,4.180620423183331,7.679739720804125,9.21653433268838,12.168024474664895,213.5236254592615,van
78.00328917075615,45.76994131882628,81.81153159316945,218.20169207500135,113.99288405439152,8.536826547389124,928.3427353606893,41.00801504480771,127.34075805927567,183.53015188243498,211.4711767375485,216.8912490922759,171.86995090111336,3.782766690123315,10.47394215412326,5.258458806678981,7.410021204889574,180.94988928549301,saab
85.27855853422257,49.52134660126353,84.71497873661609,210.53586740249466,100.81516554492403,9.383987577244534,937.0006643200393,24.998666095217175,120.03802244665448,177.41041165232485,199.15832889904243,242.85422068928372,168.32786595409775,6.3381505089927295,7.195652983704535,9.548119286533591,14.652644065852147,186.95634799619393,opel
87.63490695681877,47.15945357265047,82.38091082040674,214.67067137960424,107.85787585020124,7.006697895743507,925.7659047161901,41.610064838941284,126.59659517117096,166.49802254185343,233.8462603820975,231.1133775623253,171.77525301685154,4.736704007681943,9.351272587691124,10.03561289758606,6.238533636781265,181.08700110101623,saab
84.08911618326937,44.246954659654776,78.89687664104474,247.2297551078555,98.64701851485746,12.631016581880207,868.8308735029378,28.71536384517719,159.28932013532216,206.93217601658705,238.37865789129165,190.0381074446193,190.50165201959726,6.40476674119739,9.283788245717277,8.777637820527426,11.03893813067466,186.3552914638272,van
88.82692384511931,51.60310052716223,72.52392902757843,246.68550932153042,105.90109345460512,7.743804329840433,815.582429039798,30.35343115632383,138.74628009816848,171.53280672073492,215.66449917221436,213.73693954127438,176.17769341839383,6.27390507998974,5.957822075738168,5.389196659868839,13.715357549508168,188.74903528529074,opel
95.55461294854933,27.03493063972371,66.70320161421398,275.1205946862775,84.77900816558088,9.51227352921743,929.3182009377547,30.28384083536079,152.47910256117535,207.81643795003768,191.0070956060294,218.94584531262413,203.43470753733592,2.4137169124827045,9.4600011454383,11.249542806033922,11.628813161175492,184.80304680291144,bus
90.95753198553406,42.380628101747654,77.36671285426978,291.0630570666581,93.19378498084224,14.472186350420875,934.8193723728358,39.64751321043276,135.28343265458713,194.33867385374177,233.6410413142524,210.11839052651598,208.67177086343276,1.4963423864965617,7.390963463106582,7.915611219851569,14.850047486008936,179.69538590256624,bus
92.68291153593769,37.38668306970515,70.46189552829418,235.7966321468675,94.55813824185763,12.880949475920797,943.0236744179873,37.186934272805516,129.291238479315,197.439531979085,200.7248214757878,216.6399111282712,203.2693872845834,6.519424590968336,4.815672734563821,7.103321953702159,8.348151923338563,188.11114457424594,bus
83.67039962902224,55.37088744540474,76.10661145793615,210.10287295064919,97.79470072570527,4.452449735594962,900.0410248884207,42.062642520333576,141.06457152294644,182.48936113805928,186.58913677166635,189.3977798449999,168.7718873421374,2.4925847102765077,1.4618454540951973,7.98012246143272,9.519592928126242,200.57186632376758,saab
96.38084583595617,39.42905811133201,82.85219366415205,222.38802588200699,92.76041733649546,12.249865090606482,944.0190187815614,33.46874965131096,159.7845780566655,182.49024425594772,236.71701174556452,209.2980706643081,204.50210656375816,5.471288333593066,4.768307058066336,6.881672329881583,13.7104973983818,199.75870889545027,van
87.54647661821004,48.66780951609791,91.37300468553197,223.3627027635604,113.26151789469742,7.081559204021519,856.9910679259106,46.29834543104937,113.77025037996435,190.78342677497287,198.8820706677281,193.41247719959375,164.38065771010918,7.488206368931957,8.769742187588088,7.599774579411967,13.047971783432217,181.76019149299424,saab
87.05191638393445,53.06922945040995,92.66968568475691,244.04060647334654,118.23683489135755,7.0085881068502,909.7107241506995,35.20987075493935,142.23793622513165,167.93524499234204,213.75804165784797,198.57339550438144,169.4814166177127,7.357147928697515,5.280177812866657,7.571985625406263,11.249815178834515,183.7703105336563,saab
92.84814293469746,52.259105057256605,74.77128456525931,204.81870177103613,104.81702168282783,6.284533646789961,800.9617578168732,36.900791287457885,136.5640656548997,184.30533319324593,177.33915305245077,203.5231311929237,192.99518813373774,2.1475217748228985,9.4246093748752,3.283486027755026,8.514405703926808,183.16011339897037,saab
100.7141140725751,35.989882541448765,77.87387895447836,264.36430782278984,79.64254819423276,10.48850968101431,898.6242547474682,34.85185281180635,153.29474841931747,210.11154930247346,220.5077684108482,215.07391343695696,177.06533437903977,5.874626374077922,8.147488842008826,8.640316373510968,7.754198424227438,194.05175768719127,bus
90.7546407767348,40.68063020887405,80.50703087415718,223.17870573396863,98.33065303023628,9.292628480865988,965.400495110867,31.786146027762847,133.0574410400492,224.98430483721495,246.66739702521755,211.94311574172497,196.75233450919973,4.151285332739249,9.499490950876694,7.443254064784212,13.253501590872776,203.06347533932023,van
88.11750429753499,49.58411030005366,80.89326082350615,213.58479444395968,101.7424187179898,10.062983124523992,938.0883162472192,33.28092959322394,150.84526983784323,192.3841213496378,236.4097085025504,181.9526143315235,236.76521693812072,4.788640000128404,5.182161794618951,7.620613013095185,13.791567817289165,193.72907175227704,van
93.54153125103362,46.52964521572654,78.37781542014342,233.1825153733671,70.60896538696835,11.410100643415944,985.1107472317619,36.133151486184566,135.80615408413576,199.98221748496786,221.386886740725,218.81271182530048,176.230734040142,2.6764323121752724,10.181164145235702,7.142507499821785,12.807884257742202,204.6198718907184,bus
99.65640059558099,37.64254097222315,69.57410024937354,269.30023019006074,84.82450577835542,11.241744518025026,920.9766221953514,32.85868725618431,157.61921500713993,190.70755579701338,230.2850951203567,226.9445643650677,189.30993356604515,6.9030995411480855,10.614393287275771,7.068054822144464,10.611181463924225,208.11167497802626,bus
96.03509504124641,55.45103874552113,82.55452688403541,235.24553253305774,110.60177529025832,9.853967367724199,926.0968300642678,39.78549697903414,118.13709388129578,179.14581167166932,172.1583014883015,198.05620912353126,189.68024118588684,3.559223282399057,5.967946936556544,5.938839288705582,14.875146822563718,204.31304263568686,opel
84.02622020918334,45.10481901109614,83.01854221174248,270.58881111854083,97.23882495089578,14.994830252839709,805.0243060065759,32.362977342041304,135.6158883320544,185.6127989894313,273.8709426682734,180.78998201163023,182.89531813523215,5.283192848974223,8.383779090043294,7.595322186259825,12.344491718381896,195.6769881419046,van
89.35777983144071,51.571073452204494,93.38706584218899,244.03646081086688,107.6147797904008,7.377065610201597,878.1455330142543,36.127485608590696,119.11365156940961,177.02074506161313,216.52906221717524,213.51808353455436,178.9412224119873,5.450837654315532,5.344409888245074,5.2143979662377165,8.337632550623837,193.67156889100187,saab
89.40791702542917,50.13881579854479,95.9982133726688,255.22384745403016,98.43328832919767,7.4549827872156795,896.6972523999519,38.0682753007989,125.83214358918582,176.6579300193355,225.81283167775345,221.89868111283857,168.69603554998483,7.376123752502121,6.295639103760825,8.934858838308116,13.064855325464697,185.23684136422636,opel
90.58071281899433,42.87016902318385,82.47651115498577,284.9250713205444,88.61542540572904,11.024177183708595,878.6821201897228,32.31751916369342,151.222071440434,203.49102110743144,200.08369210419542,194.9189080631598,194.15324254383833,5.268592994495585,7.8695401291137825,7.658213557420259,17.77033738447486,200.19902139528753,bus
93.11576527373849,48.44574610253122,81.26837940482395,260.3620340405995,82.5762581424425,10.655622147148247,860.3039443404018,27.648574780367998,145.5519316182951,201.58756050937544,211.32539950379544,184.56902958215431,174.1525439406211,6.352968367325905,5.403792192625684,8.653989026540195,8.263047340180286,199.24328927342935,van
96.78556285755873,41.29666540995377,72.52873820326519,275.43157674390744,81.81765947841275,11.777547877302599,899.8312771294524,34.582203125850114,154.47526462122858,190.299578522405,203.3635558353911,230.13577359973965,188.78360594640017,4.081819379562017,6.191205153632078,6.321755441459922,7.569225217404296,206.46030144142065,bus
84.50342831103984,53.30568929676706,86.71832046373234,231.04745537455136,108.15371078317823,6.307920654744731,798.4446973352868,44.18022458092482,140.69283706395183,166.14331815993583,208.80988992326675,222.39562203924757,178.46747306071245,3.995507596485758,7.346857625507387,5.8455565768031486,5.639403595676462,188.18827043579532,saab
99.48355203722991,41.81545278725402,88.48512372998654,255.4602143498877,105.86443425172799,8.434802805162821,960.4161254312796,32.1368314494987,150.75673540613386,197.30048103174835,229.12786207813895,204.5926660647766,175.32617592909284,8.52169903999862,4.551876378263929,10.555713310061028,9.96894313027679,222.14329942556597,van
75.148457093243,53.924598862281414,93.26401017717005,243.20686109125364,119.09164459459876,5.962389604818573,871.6874842980482,40.95495170116543,131.8411939832817,178.89945599383438,201.53036124487423,177.81080553103965,188.1125479242788,5.058599867887338,4.019972572193721,6.661727062133824,8.361840249207242,169.14753989270142,saab
82.73654925745234,51.33104191454804,84.60332563628796,235.84337656414652,111.08140993074136,7.113141163529929,836.3186194803366,36.902920310383784,128.90806905499448,171.18762712727127,234.61035903655917,193.60296263632713,177.62802976440696,7.15144090074753,7.8985263485646175,4.790562266729044,6.061752785354536,169.5079755485216,saab
82.57516006259762,42.939151856007214,75.88694518375209,225.0398102679893,107.32730721273866,7.525476647216078,939.2371949353341,40.72114866287103,147.60740011824035,170.40149697783704,221.26808720896105,197.9374387529725,172.6667999321394,6.758614585417953,9.28379307393602,5.070684822209887,10.573142922664555,186.4847259989837,opel
86.39378129952804,46.51762159042044,80.00971418814164,205.59157982129747,102.32771784109954,7.783775083482261,953.418578298383,30.666623269439377,165.7943789169486,191.85989330708443,232.05769336864293,192.02400379512324,209.71112472286907,8.838911361595677,5.921559672018468,8.567689134605473,10.315835871729034,203.77263259342226,van
91.90069469434258,45.52590606315347,84.38796231923644,219.34012561148091,98.74624453952353,7.3601854439941725,915.6736580662619,43.55121574231539,107.82390919847985,165.09263081258715,186.47858569412782,159.57154897112312,175.94479523011793,4.014701349839398,6.360992112156162,7.298186768775001,3.665391817302458,183.8641813176921,saab
88.11165316021454,39.86922100762363,80.61407035888476,275.58043051540676,84.88830601848399,10.493164259307633,877.6339052170624,28.005872107047278,148.76409526097515,195.4977368718096,272.4158618205995,202.28884317191194,191.38234899860345,8.006839656857998,5.0686703929535835,6.9554420416325735,5.76656454043141,200.04483256383017,bus
100.677828200903,37.944532330653225,79.27799058103433,272.6593934829375,87.40134893193103,9.305747420940607,951.4980408790581,30.577181326056255,151.38391925608383,173.46657080128756,227.78318391335858,222.87594596432504,172.14841859259812,7.5539307721763755,4.897380176721311,5.0492679454435,13.417891037530216,176.5810222704214,bus
86.60131839362076,40.25202644677702,73.48324220491153,261.29684717200246,100.10760291695435,7.927381505252459,976.1980256038368,30.41166956209295,154.38412699496646,199.17746300328548,226.6112617273302,213.73980419449327,184.5227108020268,8.622324593207233,9.215895134011507,8.382248467672785,10.270929397619305,192.78430917659972,van
88.1830182828154,45.966939415666715,76.86098825728347,204.57886395325636,106.68508356172046,11.235264883207915,923.004253387141,40.156165987011036,150.58761239760068,168.95331643897893,243.38493884753,195.02553151834934,170.30030366491508,3.0750023301613556,8.53128621296539,6.636109123315163,8.59882668710993,169.69869747085386,opel
82.1480820094783,47.498853508922245,77.04538542719105,252.84090183787123,108.64962655321395,11.173726979443671,838.1906442730838,38.68823568946504,144.32023223617023,168.05841343908685,200.25558116663555,216.99640730637813,157.02852977977187,4.6993032674274655,1.4325675524038024,8.787523594775662,12.649009440464148,180.21872104649947,opel
87.29800541757824,49.77245178340411,74.92596137303532,241.52219915355295,100.63658827953732,10.420992597843007,1044.4218469807129,23.65749717292163,143.95093236071824,179.72322728329152,274.891677401505,174.91430294355,188.7715843064126,2.886097826587044,5.940607520733879,5.652253347387942,8.109854705954977,190.71734161344006,van
92.71579600500084,60.16274781663776,72.96960485857777,213.9090220083178,95.76290440892217,12.203797583179963,849.2343058963146,35.35847451785784,149.0121958072771,186.50489639988436,220.4378246827017,207.26196865322078,203.68461592550383,3.8550499523768185,7.022416306391798,6.804410005831595,12.96788165642412,196.52005368582448,opel
97.3842407232884,46.16378945735794,79.51372421166954,229.48263788061047,98.22489382966185,7.986145278109712,895.0477624222564,29.365849230334174,143.35348902497938,184.3185568657995,223.88016537881168,222.66450620230188,196.17929498592713,4.876139772284147,8.302814792144037,7.152618566178648,4.281290139731858,196.76091146784077,van
83.30234921667007,43.37142565947078,82.95344240715035,225.7551138032014,113.24028308684571,6.596085403409756,872.877096700239,41.256090409944456,111.0796642751433,165.9670688922089,206.50503351708687,192.12000044596678,189.3042092917463,5.244758236946238,10.03555162635013,6.605924614997463,12.852240829626862,201.14783254247328,saab
87.77837981408464,47.87366969388656,73.89341414553829,236.1529845153241,105.91740374494267,12.077212138417632,921.7303514857299,28.758436034489737,163.06072203871628,196.97114756201006,271.44796420540655,242.10711924723614,193.54213614818653,4.399329187669393,6.380219801821184,7.8542846223178895,6.001964676924389,210.07304357473262,van
89.61127611035347,39.550687801236684,81.29405535502133,274.876014275424,87.7545993850658,12.911775544163214,1029.4781821009308,31.761585920313415,142.37109170791732,184.70628491817928,224.22567384558945,210.13232041249964,210.5377198719441,8.522376249734748,7.6262642800263105,4.9148446106588475,11.73572626791278,186.63937847899976,bus
81.75668287618686,49.93085104222455,83.30463448435505,212.89827868449987,104.76393921104743,7.759954101846577,824.0304560127045,43.26439780740193,144.67355284454678,163.36310021803618,229.97453140166198,198.66082219369508,187.24038563121508,7.264574749677877,4.18219219114919,5.617575124417765,9.671848791403473,188.0882183636428,opel
93.48288469265152,44.669139904414024,81.43132972264243,265.8920076589042,96.82141397958911,9.320481984704953,900.9968849079693,31.92234703371085,142.79029891530104,214.3115211776174,251.14275236806964,240.72122363419058,174.1179977762827,4.942003171593746,7.591288546708704,7.374327053896955,5.951184232864216,219.12688134356796,van
87.0906996710492,52.118267695291,84.42364249640983,209.87834179195863,108.52605403551011,10.479518581394538,861.0046016729711,41.18673664036648,129.65840953283418,170.4002748085596,228.7863978046491,236.7588405998455,182.40621027510997,7.363656587884079,6.858960894545162,8.816828478172324,8.507352008434609,171.17528023297328,opel
94.72110176170173,42.56659694128265,71.99233635853861,270.80861785289676,90.47673811460407,12.756934710907617,1000.3365035613532,37.47441287665201,145.73195805064742,191.90275164232716,222.98231821922204,216.85852754642684,208.65142417154388,7.710403015496525,6.413080540233057,4.74975748223495,9.413695460431708,218.9514861210897,van
82.92541714600458,49.84079072492016,78.46995965615389,260.7677207431926,99.50116452513365,7.170692529348541,930.8532771985077,29.16688792047963,137.6210716820531,186.45296958431044,219.85218973626104,208.7403524414684,166.44659525334788,4.965263984981804,9.416879978272176,7.802933716963091,15.314086165619786,197.9515732388473,opel
83.11288299434835,51.027133029298895,82.25066182446099,232.2895211763756,97.19055040950741,8.436677500884322,842.492608399128,38.65942744488723,134.47930732772946,184.9486869378794,212.33158704614542,205.15223645886496,159.8591845017679,1.1558830056641378,7.6197239697417505,10.113171641415192,15.320820546789557,167.59299393619665,saab
86.28641111560928,58.501222321075645,84.11453748630589,264.18738356669525,111.59734899753144,6.739766735262103,841.868854178224,36.24871150855339,149.32956164806137,162.7695397070877,187.41028844809193,192.2603032224368,162.94318276804546,5.2882327255593635,6.619028604389788,4.1087795984468745,11.043249687906647,180.0453028333449,opel
92.22179398757804,44.77043718799383,96.5313064623194,235.29766398550825,86.983960633066,7.448634680008537,1001.1420735775382,27.63103662074874,146.00534509527148,209.01728697140274,233.69467332167488,261.2100591871137,184.21760138631464,6.156014836957715,4.787486423196084,5.964830445573249,8.558276760392577,198.28743695175066,van
86.03569718389284,55.31458564617857,76.29264220659304,218.94614092433005,103.7615465940992,8.453863887600496,875.127312322709,36.5624031567312,126.68221228227878,180.9513118591377,210.44041270221533,195.60281322630354,168.04136814057244,4.841533125037173,5.663324731525618,3.3919936443267242,11.25613915085649,191.193492954347,saab
98.83717364576455,35.1988143717769,69.26675735639745,262.7277557557229,98.93836665270501,10.797264712097572,886.159335005554,31.002791070820358,148.69642192198094,196.64760841236517,193.47904627835925,226.9758877912382,197.5000086767046,1.0977962719227503,7.950335492990764,2.6201565900428934,8.952363519030065,200.1694651574837,bus
91.42824290986816,34.71906717191743,81.56514911082569,275.7173078144981,88.88328297475861,12.32114796209973,958.2369677228586,33.92587740837667,136.328697842891,189.02489805308358,229.65375774418425,232.90710861525199,182.67111426762878,7.014887946390397,4.878789867206798,4.1281809522629445,13.284558743431727,190.2124142847831,bus
98.58865001504282,47.94455146198291,76.01763803582043,196.12704147482253,104.59246176749278,7.269401449730298,917.5781612701086,38.50163471790338,150.83739433701408,180.14655909870126,262.9576842711418,196.97274192848516,173.282494099747,7.511355051482202,6.87038149287774,7.041608047545089,6.889230232376342,194.4290254071125,opel
87.7029477090612,56.098068724463616,86.08522666889459,228.0757547591884,98.08572588447825,8.624124263453476,867.8206291767189,40.01170386671775,133.35160566535117,183.6567465116737,201.09223565820142,181.3844886734964,183.01091739496965,4.866368134543086,8.965665732771814,7.363986598508291,8.200358087157758,196.40895977150274,saab
97.92987587841948,52.36845560113967,82.9852843661215,228.27565803985095,112.88604603731068,11.352909923829326,888.2718747187508,43.57972024626224,142.4730365066468,142.67434567487567,236.61487649662524,228.54479185948912,164.1723939932172,4.15587459311642,7.429099522927012,7.415583228310036,6.912571168121503,183.972325385124,saab
88.81627813146083,52.60054721471846,82.94259190386298,255.52587181494644,103.69670245299012,12.838562600288919,904.3656581526658,35.26381587848383,142.45709140135367,182.8235266397965,219.29004330428424,202.25370400320747,170.76813573517796,4.5934035108463895,9.685553928846007,7.714325171402542,11.386186042218945,198.67383103140568,opel
84.5199966913307,47.575664671121366,93.95004315281085,248.7473482850736,116.2652452481054,8.736995173678078,796.3153576901268,36.92625793238603,119.91893493239571,160.21997744695815,205.78677811285968,165.9633050966313,175.56810145205088,2.399649402671792,5.730019544045877,3.817906565611851,8.013825561101127,184.55433100574518,saab
84.71020936167244,48.387591504137255,83.59777213864373,254.84419924853,108.33967225090532,8.62461213715647,892.317397647425,34.66796697664224,134.41605516971975,181.60975497587157,227.76314643486884,185.0921333592454,206.57019823122457,3.1833174965840296,3.741581921839893,10.376314105805582,17.494677767304374,191.93938174226406,opel
88.90100860593037,52.1234686482686,88.42291651647814,199.9839596947565,111.52178577475915,5.555270770025522,817.1582265652785,43.24365509046279,123.10670931919928,174.19184426836443,202.4875224460186,183.52593711414696,166.38405166301328,3.7720068943207474,4.068058150776928,3.825043663775264,6.623989277714267,169.22770363867878,saab
87.0646286503864,48.11426305111034,101.11944947086633,247.34638775698394,111.19948885686779,8.303144099416812,852.7564964588244,44.15306256364814,148.237023365901,164.82926963094368,233.05868353949546,205.41842685414883,181.83676378489548,4.688147805034184,7.5539886622382015,4.1142228518846125,10.259788158339575,194.94934735110135,opel
88.99283336555295,52.936425343229,82.65306176648295,229.95523767051637,100.62534959621979,6.861297152837725,793.0469246191824,42.06465209170588,115.5865825428463,177.90087899635432,185.14681668455245,232.78564908500505,149.08207343201786,5.292640326271651,7.778526849517951,4.786073108254729,15.552691805264706,171.13510579308758,saab
89.533936364662,52.66826189091341,82.1436246533328,246.5367726141823,121.87713489501206,6.564293571291929,830.3399498158905,35.08201936916765,143.52759030614763,173.50364055748207,203.72136864941095,166.50057656369177,166.20369738478834,6.146733164889945,6.502987339883983,7.312232403720541,8.734181680954173,189.21968821433458,saab
81.1561679498074,48.62497392195956,86.81393740208965,221.0218322537399,115.87160382691391,6.818363303817142,897.2816713783815,39.40710844462752,137.6379977236326,166.73634714734132,207.6406741143202,217.08955407674932,154.51200085685883,2.8565283545013327,6.60248496018278,9.116699920283956,11.069820830688261,190.4639895166727,saab
86.78855950910805,42.7530532310195,83.56393692823121,210.22155487858848,114.66658628757786,7.26233702422058,837.0762054413678,37.87535854079409,136.5003370882914,186.30107995583734,177.7396637284606,151.7489836416038,171.74147747142527,2.2234151370302953,12.456999490593214,10.345979405689906,15.197292437790242,193.53763829544707,opel
76.97647495101094,57.0519186101496,88.4533715549822,227.606821950537,129.2126692882428,8.231193477359817,860.0369270379194,37.889194352317574,134.3306394674132,173.99827231213243,243.4238572212499,184.5259143422095,156.2655155546231,4.136413565205673,7.676028109072621,5.68699233958158,5.860142675719494,217.84118201287885,saab
92.16046009186974,46.85651098008352,83.97780119684676,281.09619637277297,104.3514340719358,10.38739591002629,863.0545727162083,29.467262289487422,140.2459947670826,162.03723433222464,171.68261947383104,142.87449173317685,160.70109740987112,5.670842640960739,6.833638679791183,5.190817572573852,8.265717687386108,178.8827956708931,opel
91.42348145370016,39.11612160186711,70.77393785674344,258.71842738526544,76.45634548643692,16.330004689802166,928.9816586606788,36.69624417785636,145.22465892812048,181.47329714156464,244.00157912853723,209.00323607450238,188.03493194634203,4.999372654776451,8.374131591717832,4.65553249312672,18.50980976424163,209.24495821246947,bus
90.63727639319096,48.29113112333601,87.95165654262223,264.93222729204314,100.185567828459,8.120064341699868,918.4281486258408,25.42664403566456,147.11424882845898,198.66996836069936,253.9033049666028,225.9595050916381,210.52141355222346,1.2420079184935515,8.251097173302297,11.277921055199666,12.205396339162274,206.03713240544195,van
89.40531093690333,47.54342587501126,76.03441882560257,229.1878753664294,119.62862443626769,8.247509285048555,882.0013309192165,40.774647058067195,149.63552833543815,177.4260281305494,208.26744058260792,207.5620593966741,170.1886365440047,2.7665397800871965,6.992497132490856,4.63818234172861,8.028951737876437,184.12851607664575,saab
99.770008817466,35.763145912444195,73.5580476110512,255.99758370121654,70.00475428101142,10.056771922978697,883.2612333946729,34.14031587884506,141.71381524251015,205.97152711753697,218.9375869396491,176.44654841308778,176.666798307697,5.676046962203416,9.994863366359253,9.607015863869519,7.899424910157521,203.9206759973172,bus
85.06215542699553,42.727811885179854,76.52652505980728,278.59236438265174,90.96025061374608,12.338721648072156,872.4407141835733,38.801230367894306,141.11481546911114,203.82333062323409,206.1891789536748,224.38535179617054,184.03717734337255,3.786993223568521,9.97822621665658,7.843092167073123,12.473284317881308,192.99647422205837,bus
97.60970782808448,40.60157514590483,86.2921469788502,282.6586363551102,90.62908152252872,14.981452273699905,939.7132339810913,37.034900092919735,136.775800676178,188.22435347664344,215.40400738849613,205.96681047680755,186.08055291925618,4.921960961244912,6.176353262072685,5.32615859240744,13.137459356178372,198.06981072686239,bus
90.31723705060914,40.97759449724214,81.58560962987382,225.27728407939077,95.61675756634452,9.032765720889127,900.3710996635589,30.959430983397187,133.58619884397902,189.01590782037448,226.09701283846255,210.42185495701173,169.90765950207012,4.739714339715306,7.2767437812549085,13.648440852790406,4.203804524440121,205.83883022284002,van
95.7828233745657,45.325113688224796,87.51879694860946,231.64047790778528,105.24713710230066,10.014725362847134,1004.5902669537322,34.35961983636332,162.7442842668758,206.81743408815143,249.52480706775333,203.82079970804185,188.2349904671072,4.264049154943336,10.387173070952525,10.82271372349125,12.378133053200994,210.48203967675275,van
97.07126413850138,45.008859582536076,77.53453979826658,225.92687245369834,98.59023712149693,10.003704098719782,898.980502820724,36.71195211753038,142.82929945177585,185.3564022501661,192.31447927279166,216.69978854757173,189.75597095129316,5.164059858776231,6.042615622121618,8.19411219947708,8.352832090764137,189.36171769599366,opel
84.24243875470536,44.20721729448112,89.20689261076708,227.43874890384612,87.74771747805086,12.71837898832805,829.8165699449735,26.652078582241653,129.22880146226126,188.22238542008643,236.54308650371777,191.21688860458636,183.1495357746513,5.378124967297812,10.080115781586779,7.888295634694378,8.771978274344127,190.15366312982044,van
100.49717991504355,42.71743827919955,71.62730897146957,257.663363795178,88.23608359015,10.517539610487843,947.7372849017831,30.16369899491569,155.20756120358712,187.30534733987187,217.4030028556288,219.61217186694694,187.4737043195668,8.359977059379574,4.253988338138759,7.885877417137688,13.420751658013614,191.09564247057338,van
97.36796215317591,40.09804069703577,67.5320717801315,273.3290441642611,87.20593836545257,10.780975595681433,918.3682753408089,34.359468817733436,140.08363814367954,177.21412415993484,207.755265309845,223.2973100072382,172.30526033801397,6.471243994491493,4.48972925605321,9.55078147599803,10.99083916376659,192.31354246690256,bus
89.765196242075,44.37512749522922,78.21732885524092,227.34384801555635,105.89014815333992,4.677888005301458,853.9067241724126,36.047948787311654,144.83618311936334,190.40026719862686,180.67923597102256,154.36675855158845,191.4002089391222,7.380722839504132,6.7517432503645916,10.569271213899544,8.5125232325438,202.75594908198332,opel
90.73243579366519,54.23184285535517,87.68847004607736,230.62126852797863,98.72627361580389,5.821314724575787,871.6770805236265,36.48113055446177,130.3080713499795,144.81443229432207,215.10369947607887,190.68338489127692,171.612875006462,5.171043065713736,0.8949196959585004,3.14386564778911,7.177437270237869,175.97682845405458,saab
88.96835009174085,49.66931720664176,85.40056228670595,264.1978792003821,107.40140039427617,6.335748469446705,914.4218259937335,33.67136745668802,135.50227387959617,182.75093476943755,212.26320022785566,223.7694993300705,188.4104891645191,6.342519332154708,4.756342399174832,6.606377753804746,16.190350307626517,194.34194151498207,opel
97.48357076505616,40.74581725907771,84.8698062810077,268.06573776259216,89.63531186915601,13.881542375976432,881.7523635228557,39.55951424451618,142.41203937332898,200.91814133741377,216.88203644126665,170.8886788580186,188.25163345643944,5.280719739696094,9.243715712460942,6.93543877790106,12.771596911067782,203.0212845861812,bus
87.0657373797631,43.81977437037426,82.05632659584009,227.9198154455061,101.78917102088083,9.591727624682452,851.7102342269038,38.35230706245619,141.98225393201287,161.63022041859446,211.2314694114221,175.51094904779407,163.70229506253156,5.739145037306843,7.310156035261052,7.538430554458099,9.009593971845865,176.75266020497637,saab
85.92429327030182,41.37421849197987,89.37542169586452,186.77392227395276,107.5057154139518,9.04504153288478,847.3763071968475,47.55050048250402,148.6852718807309,159.2776945592187,184.46611894055712,220.66709154576412,153.48010056845436,6.86776893639254,6.075133717414505,4.303244392235723,8.25524665841672,181.8937076016312,saab
94.36519141080107,43.80327291029026,88.5638321857353,271.4216100080561,108.21515694606332,6.994258782635221,978.5210586680398,32.07517206980688,152.91202755138033,195.17016073927158,235.01260749655037,229.2953978860489,183.78054236778954,2.4735266021930298,7.873220295930379,7.463721721516474,12.637042463671023,195.64098530909567,van
82.82461379211841,50.9010267279344,78.78637566372764,224.96896199631726,119.94261514661463,5.509698848079829,804.3705900911186,33.96978822146632,134.8674150215806,175.9535027433278,179.52680507738572,217.25596391225812,177.87753969893254,7.613717768293023,5.866797945956052,8.224584899783455,7.849746174093204,184.51223735499383,saab
87.651845944994,50.507298740539845,77.4758640854289,225.8536780798351,96.39087620586207,5.278330043397842,835.9398202298617,33.90006023942376,133.98712801790344,172.21689744123424,164.2197521899712,186.06044894387918,193.3574133454799,4.934181887987149,4.776968395923291,4.673815652349225,5.8132790479701475,182.87140117243632,saab
93.4881188985467,55.73533135463938,77.21004436198659,256.5958873041015,120.36165658135715,8.206156443061696,871.2955483550705,41.09007196091837,129.52141072347243,182.79696182179495,206.73202855124333,218.7032606287868,169.59178801433214,4.434946966028449,1.3491596917206392,5.985488603068678,8.785242921318362,190.33325030614347,saab
94.61449145292949,42.057755336235,58.81868014235057,290.88321754138144,98.84420746366388,12.783608010805093,781.8533782229081,35.93286452505401,159.2274813609994,226.0991855600536,215.6596589915126,224.58883036172128,162.20980886784736,7.116236650174301,6.345965364780458,9.1395429099677,10.175320477665721,184.0979159320057,bus
105.95227812904989,39.56495940617257,77.26380295826911,301.01000985628156,79.73606220649144,11.949946082509712,915.0895949909733,35.32975901173801,147.77376937958192,168.95786143372865,236.26410373495955,226.2576172034871,189.05086037587134,3.454681109458352,10.17725385608719,4.760907743233663,13.644958882663495,204.9016623895929,bus
92.7856395949547,33.649974234410486,87.08940629851487,235.8845303380927,103.80470748742866,11.380147352673225,929.4740758635135,33.269224814953304,159.10215783664745,196.93986045642592,257.8846554900187,251.82188545464953,189.81934670560102,5.935915258639026,8.889791790019768,9.699169062093235,10.787508672555502,199.5908246480493,van
96.71394257070038,47.09289274294813,81.39720852456139,240.38704117023516,82.39005221239265,12.335019645972892,963.4296790522149,40.56804764197048,156.78728069279418,215.40441239776675,227.41575700941115,242.15830122238316,180.35224986959454,5.549013153330728,10.35683863512744,10.704078731948652,8.769911765383267,182.20561074576568,van
89.96022251934252,45.64265374165928,87.85898621663733,266.8591266326245,101.30419521622973,9.29398456857711,808.0786640612298,43.321374029958875,133.63709809005843,183.05172634580506,206.07412764508467,182.32020202155996,173.7054789565872,6.648304726911277,6.992502932396297,8.154411305055902,8.484655247307275,182.343503603927,opel
95.4853877467402,43.16665077585174,82.20728353298367,259.6791054356525,91.79561454847978,12.28343382727981,864.1588839698597,39.00418437026856,152.25095786847996,193.18775826781896,221.51910535832175,188.75561613137188,198.1407018879469,6.216492383369937,6.555050206443469,4.771907099676014,6.468619249557763,184.60193468973117,bus
91.9534310501292,48.520517752392166,77.12125543692169,258.1506460158539,118.46130331718491,11.116272225134843,824.1429119397693,40.38519914184485,146.6535870905007,186.1043999931685,224.74045711112626,202.21098239104262,189.14514541075116,5.040059497648695,9.063477961028118,7.373854105108995,9.305385517379264,183.1388734865235,opel
90.71421221791859,44.71718873625531,75.35531060408692,291.3334937917831,92.63009928242785,11.945390920980136,860.0403996674873,34.48584995424428,157.03884437168816,201.6592425205446,182.40151229721909,205.87758345051623,179.17218837225485,3.190771250012468,6.286653731640257,6.084303227635021,12.260093098243189,192.43659321627507,bus
95.51713958393654,40.83922512073641,87.21470748789844,251.5321814090332,95.691410613627,8.57707561183259,889.2596932055678,30.139551788357636,146.41755622092492,186.5466451258476,242.485713897017,167.80323518748716,150.22257905432576,5.502052689438649,6.990732515421531,2.2999397813656355,17.910007425836767,201.50135653956204,van
93.66844249049254,52.59121116703901,94.32457349754186,230.52234260428563,111.11350092908451,7.2596736844401955,882.1562715476524,38.24871691924915,144.33195178671915,187.74773390074358,221.25439720164158,153.81591957182303,163.37467922592228,5.28375608525699,7.494579999148504,10.634621639451215,9.749883549226828,187.33144589600082,opel
91.77440122697438,45.1106595831537,83.6494117239474,273.5540200186651,86.12891332756543,14.455337984946585,1027.9099642834126,36.469149253605366,145.89580681255248,202.1975794214818,187.86845798522643,221.99300094599388,196.3688277488543,6.683967390904254,7.156286125939295,10.795534033491954,9.631984482840977,193.6783064435563,bus
91.90063182315845,46.440656735783065,79.09929829247716,275.0867672151468,89.31310076665109,11.683561549568026,951.0208583606459,31.945239973400888,150.1222354841517,193.80877051750068,249.46290906535575,187.37865528994826,178.864204443539,7.14808386176806,10.871141986327247,7.2915872229824235,4.729393901795494,212.84104695178897,van
95.34281487403014,40.390704394195325,86.2607748753484,247.54555956875402,96.80177393690795,9.869772673849255,858.655982298007,27.49931012141702,157.38946352939436,201.8021610545045,239.36369321065723,246.08320841429548,186.58630686907222,8.334448223102275,6.172768668740715,11.970379833357782,7.165297922691517,195.12828643543685,bus
89.99102486529183,48.409874573731805,75.75253435595555,259.981916322755,89.89784179441149,12.391062776173419,888.3449347492573,31.739764153471594,146.72193540123476,198.31699576828356,223.52326260717692,238.93126582502734,199.0546860844111,8.104422311914117,12.088963114399888,8.283191573479765,6.4593047973988895,194.3571014728098,van
88.60385232775681,38.1173468684824,77.0410517457386,246.26286046267063,112.21411750352227,9.539207388126488,881.3588583836232,37.95364086272472,143.4525848302612,181.34583284812246,187.064338027469,215.8985203534789,187.37934268813103,6.999982010119222,9.824192749355179,8.433455295434685,12.180135033409137,193.42404866628132,opel
96.29941397124212,37.60242941822391,77.88605539042028,258.58507412501046,95.82103634909583,13.199857459992408,903.3495358612436,28.945142429548692,138.05286868910943,183.51205964841344,217.490914799942,246.46039450429714,168.04694412989113,3.0242533181985016,7.313387456493049,6.554558598446786,15.748514702118477,185.33753680246747,bus
102.7496720250877,45.804574431180164,83.9762658689351,275.78337287815634,106.61398386848673,12.113299849794215,859.8410524659828,35.85278651295076,135.2645380029553,189.95820168992327,203.49178940042088,215.87029337286933,187.9971565057807,1.6867535846444524,5.87878472630538,8.0667184894109,13.387450872200562,190.67226116411612,bus
99.8168806462216,37.60249990818491,67.26023460155368,305.89115727035573,96.96054184551004,11.550469196214634,908.8220777638612,32.39998967670616,153.5089796216797,209.0159859294643,211.6526637278983,200.06843306919524,201.2403658083061,6.54384030967335,6.277378876065419,6.78732599493737,11.721167380159235,170.7360792946479,bus
91.99680655040598,35.008867272140606,66.60859455708515,290.2874013003626,86.38154944600738,13.789848753888883,915.4416506299482,35.80463862349136,165.74082669749973,197.46504778432003,224.14534658797888,236.43086304469773,153.69459472096898,1.2603673209356718,6.431230700786982,4.554209960888873,10.800302813606589,199.48635764514526,bus
92.27413087073326,51.34338905888028,87.73813583879618,246.9367989093833,99.68399944220816,11.174801204831073,784.210129589093,40.02452580174091,127.57624541894889,175.71287260549462,140.53387657414885,230.54589536060908,144.80745810629895,4.015346386643013,4.620688990198112,7.401944645407932,6.951194681054441,187.42291185802318,saab
88.77130610644006,35.2669659493369,84.02395793149613,273.82198136039807,101.00565450649296,10.788768920526271,1059.6553783922432,30.22545267297408,159.52467534470745,184.08299123860687,225.10767511348635,218.67669032645009,187.55695656494856,3.16745179887255,5.246452437576311,9.857715415627135,5.753703890433038,194.9443970635193,bus
85.86973604206406,50.325165700169926,74.53280266836367,236.729995776418,111.40482839843496,7.396533892082728,820.1309469477428,43.35977815896811,120.06079070824606,155.7678371379025,186.1408599093757,205.96926547081142,152.69776203667035,2.8175687615152523,2.5796497972164114,6.868136974366354,10.613927909479466,188.1006882387515,saab
88.98215183321055,52.49336920269931,83.84150755596032,236.62077805634428,111.02341761899663,8.501902041424087,879.9544879631904,42.39633674117929,128.9735142654937,172.21880135633666,166.64669467618276,219.72979024368354,186.4919565709348,3.767858379759033,3.3412818821318724,5.855305049698657,7.72657224722466,186.294216768153,saab
91.23131917821256,35.72951828246962,65.98114228129137,320.53864851747244,89.53904962373132,10.846979198546562,753.9324758252696,34.605647470862955,139.17241342388417,191.1602872804765,221.098682219997,209.8764049500924,164.04322722330514,6.2064950011427875,8.329854324603481,5.755930388891237,17.67132205546735,164.92367660306243,bus
101.24681070693191,45.5052567979328,83.26034496723086,241.70746198856273,108.94839955404261,8.784862416440888,874.9761725418499,29.54211051280455,134.550640778466,181.5973361520443,224.98540785988803,242.11239665130236,144.33015191135257,7.589846227751118,6.119968135752492,6.53414792378293,6.924342742787701,212.66661253198413,van
96.13729967302065,40.73336802295341,89.67451187770095,258.8904576167949,87.92766283343437,8.049066867292257,778.787986986353,35.08524659468777,148.92415967178766,195.34152417488025,229.63732123436984,191.97971832760987,160.17668845657556,6.514990298674971,7.037638099481197,6.369826537611782,14.662511902242178,187.88026772741077,bus
96.70575987408321,42.84645951235556,74.67423080089313,283.63782979252625,99.49624244448304,9.042176862451743,849.5134647645032,38.81254653565298,154.26215402241593,201.06723059136183,213.8303442308836,232.49034148265045,142.51766602834147,5.735239680419422,6.5730864412991235,4.600604943269383,13.08934688323357,185.1446039927907,bus
102.89606407753696,43.46302077668049,74.2324944511154,273.00603522923757,89.34279057285946,9.33194901016359,888.9373188207114,34.908527750804474,156.73124637586642,180.3247473424756,212.80462708421828,214.86957369541085,176.77596807612383,7.437941579587326,9.207754686632516,5.4864720459681475,9.019923901254149,204.56703186385658,bus
81.24327265198315,49.795056657871235,81.29628575872668,238.3160545144089,109.85492605193535,6.958214192192473,864.1565411159762,32.52107335218004,122.06865336386063,181.09737723336704,182.96765519626584,221.88569150469192,178.3309829097761,1.1710739772673584,5.9754469329956486,8.541058448294287,9.810253234043293,186.15239866972018,saab
89.51213750845393,39.22558295132094,76.99259535325872,248.1608643479147,102.49192687038231,14.169425842462033,904.4677456408755,34.16381669519116,162.72714733971264,215.94177956204013,276.6779309204875,249.06214396545147,183.7155483171815,6.175947094258338,10.333056672442007,8.203446416943539,14.01577641488682,196.78247296009792,van
102.82321827907003,39.12927518709112,73.78172768374205,281.1958089586208,85.41039996849136,10.589976288483182,1000.3046444079562,34.92232157644907,156.33770096867065,209.84116028535965,233.7941561049039,228.5828555087639,195.02982207136859,2.9229123583120553,5.394351112098315,3.914396969580708,9.814615134958972,208.5107289241314,bus
96.70691827643353,46.16873212163926,80.90368922911404,254.77132078404122,115.24281616669708,10.838816857507295,833.2458581786227,32.57381979085385,130.7042706677961,179.9359924739686,223.48288010239978,203.82884094689217,176.7679500466893,4.280489966788736,4.711490367470759,3.935556425519377,8.343042806740204,190.51379616568545,opel
95.99323796795555,48.66787049333665,87.00433271109621,235.70958099328183,116.33467265711042,10.445553547865545,892.7664085872523,37.299026548142756,137.8422231110033,179.03855712075512,181.4703368675767,154.01088952660203,168.9000408887415,5.089646263864569,5.934413573839106,6.710826465347104,7.966888609862808,179.41802709973075,opel
82.0223410977413,44.143729209088555,82.97483012616543,257.79209048183975,104.03430282707419,13.409184186594754,941.5870432756229,32.68955735044553,134.67481723170337,203.30113790470944,213.75673597608966,183.054921648373,192.45040532373702,4.199103077243946,6.354288196963135,7.011619953866175,7.025418876686103,219.74078687745023,van
98.90911435888655,31.504417102760772,76.3433041456748,253.35288853791542,90.4155670864584,15.061501664687395,925.796960885205,27.78744129497622,140.90717561886896,201.6631250090921,226.55759048318714,205.68388861763674,221.1751501336763,3.306298067749271,9.047061288370688,9.130343931428772,8.00166780756105,193.2462154410131,bus
89.79149907466385,49.60455304505692,75.35095182109151,255.80698017384577,100.7515266369706,5.343670144145721,875.9360225993207,40.33361966319276,121.53488613398059,192.93989213291667,208.47628660096163,194.1481050018478,213.70581619246735,5.265369238266153,8.425324064254013,7.84917019209429,11.834238786720581,196.55837678388139,opel
105.71972044662662,30.79231534105766,62.508423552697664,248.59830467347695,97.3465328480185,13.015671512579248,908.4230488134807,34.561560784296674,149.38475738809728,177.92642042407053,207.51309220573552,184.66714901158417,188.51036681529723,5.8328920762029055,7.69341995520984,9.606556074632127,9.656530865606658,192.08241367741462,bus
106.57329283336755,35.8590307103225,78.5586075478103,307.6231413888118,94.75803473332229,10.486409822861079,896.0179304377142,31.776519734015245,142.71400084659982,181.34044288799467,244.74876269368278,213.75991981267936,162.2829453622885,3.124148846927202,6.901941318323926,7.9430847608364115,9.045020622548954,194.42482246994538,bus
84.40220621686802,48.53463329144897,79.00638174252646,242.47051597651716,112.99249670504835,5.7810888891075605,856.170956675048,39.46488250991504,126.29977534162755,171.27935674668674,220.14235646824747,199.38617826264107,172.8051158221208,6.6058568438916225,7.5750866486537305,6.905748653589782,8.592380854908612,175.38528186489492,saab
85.67927950783145,48.468730076053,88.44068496013239,249.9033533031721,105.40944068871904,9.673982309267348,852.0770920281948,42.112144018191856,122.26219421109343,170.6494739976414,205.83317866378093,213.13668292745854,189.14395981810333,-0.12304622422449896,3.370502279379154,5.377583421652637,8.771437166126947,177.84487233877252,saab
89.68848143136948,36.907960864578136,70.35726480537856,277.648194923681,87.21078292473713,11.389550591290664,888.6760554049237,35.46010431658967,147.09659415274626,206.92507512477974,213.37383233633355,232.07951953104447,203.95560016482003,8.046477243424516,6.044708834791989,7.529550621955959,11.212021439051497,199.79827035366833,bus
93.3089238347916,46.71701451408462,80.78408042306711,253.96798242658804,99.85479671901876,8.704022504954294,836.3619464605731,35.01111267111806,115.73238475042774,169.41849007529314,197.02956740990692,149.79555717919175,185.85527112068746,5.13254947468847,8.931147117586367,7.124893953326259,15.586336507130923,198.2341715860116,opel
96.09962626317618,49.38427962990959,69.89199453664168,254.96650285031765,106.16641775990377,8.663713903344465,907.9089184065924,35.50872374601825,156.98815670280476,211.19687778553381,236.09054712828052,209.8978673594555,209.295732054933,3.527043426815302,6.244765286274189,10.241934047228755,10.419946288964061,202.87272514027427,van
98.57000247046047,39.004143406083706,74.13383752845634,266.6576383936629,93.62827441211184,11.654107880153154,981.2339229234781,35.639425567989605,151.01206748929116,189.41698246053969,230.6925817224487,206.74004355713132,185.51661517558762,3.243353845640522,7.102395803762171,5.570638646019137,16.34191709817542,195.45491476330753,bus
95.85684140594985,40.27920833996008,79.53234735495454,250.48253494045335,90.21508671195625,12.08762294395822,857.473977289535,36.402520397094236,149.67693171765433,186.64857098369976,250.75863836825107,215.31236667899205,177.50404735772554,5.982415330823993,5.040557550566387,5.0532423239459305,7.731075224214981,200.72006278300472,bus
91.37341924839743,48.79730255822527,96.0886546246333,244.9953325697837,119.19589891208295,8.789762980005156,873.9018907596142,38.91481374740944,125.65205306627783,195.06408637712937,190.6676206364871,199.54651813646382,170.2268489237683,2.530049797485468,4.33742420903622,8.14623605359875,8.281634718703248,178.64694630378335,saab
96.28775195361382,40.92819974943055,78.79669119663771,291.309607501307,89.79556743206844,13.676981548903283,907.0443123455602,34.29645675027065,126.06385333046214,200.84412980472484,193.22788400553503,172.99946984696751,192.0000647294912,8.659240403432175,7.505137691993247,7.624756420933143,10.331643759717657,198.37957528232118,bus
88.5496637407362,46.847809507067964,91.88854519838459,237.66910029708433,112.20001838633449,7.3507606512041175,798.2701020196673,38.66158458187882,140.27718748779535,175.6578468947475,165.89584784447965,168.49437256095118,170.850599732589,3.301150098728585,6.874745348359337,7.176275902685319,1.7096328728179309,173.9722362617968,saab
90.80391238388681,43.3984083880841,78.83155475266425,305.4160127127102,95.58578650890873,11.592839279795276,855.625391109895,34.637866870783355,135.94267699137382,200.8855326977072,231.44114883428287,196.03303991551599,184.31731632048135,2.9576750848793996,3.6346826117546285,7.2227452036801045,11.550177842762672,192.75681029121895,bus
92.72918235107691,50.046077010142064,75.87791540180302,251.36144538497243,95.8997271148276,9.250931698499498,1005.1608786026829,36.13149342254525,144.05789127618334,199.25073443881553,281.2844026970482,204.04266390086278,193.67671426558925,7.242693479938205,11.151751619003939,8.889707075114977,0.27545852401263815,200.9293565268298,van
86.03744398926091,51.12814484184888,88.95179171674306,264.92981263189245,100.18388738169172,8.945279525980023,829.9940169349435,39.73195983309912,117.91517795730924,180.080122910546,229.10802675452385,188.06500217983515,189.7451725627928,7.456658761132667,6.902695095729265,7.086679193998096,13.578647876388835,194.3890883203956,saab
76.81798490396757,52.06558667114631,82.7975521238909,240.6869442690757,107.58736153767116,8.799993105887213,826.7024510963975,37.7674669613702,139.622105785811,181.38956814212744,174.68727109820378,204.67682250052923,151.87544726511,1.3496856896044762,5.893575127454033,8.14668035372709,7.916738509839392,180.16521865005623,saab
92.27808637737408,39.7618985757528,69.74629047969145,279.45194964826084,96.7251483919098,15.499153486373878,873.5691659125122,36.297437126886415,125.20700189624212,191.82284903243766,218.33124060419277,224.26369590535168,193.02226004518866,5.722834634546206,4.947261584668215,4.86753013620155,10.851548431161094,196.9484234027014,bus
84.95420480732672,47.061315625292565,80.59154071916375,234.38143125075337,109.6396470559126,7.074934067373242,875.0564638032288,41.95652222659715,123.40675865222832,186.02692046074378,211.0025696243576,193.5203043692746,181.3595633566212,8.354640762084443,3.9694152515003682,7.418228779266568,5.05714470657564,188.18837403380425,saab
90.39501312045995,48.42667862146818,89.63746130348454,241.70679551589788,105.73905167199176,8.505214120105128,885.1482621232306,46.97872902172102,134.7635095529084,167.13530506430587,179.19134565751406,213.1880357969699,151.04284498556342,2.36686041422557,6.917084075340429,11.681445223051355,12.553162292081218,193.38863989200547,opel
85.90626974172525,50.252928586052406,80.92333009049351,225.0616334502109,101.80199399938888,6.3716934868047925,804.9539440722924,32.34663866110879,122.06778802792965,187.1142750363243,178.26578377230544,156.14858857125188,166.84197589470512,3.901066857353497,4.277423795228198,6.983479281512441,8.86486656463454,178.00755935770925,saab
92.16203506670068,40.631433626285066,80.45416964003056,256.6887702969704,97.9175276698285,9.65474173141833,954.731052233468,34.28606374232415,153.08292063638822,212.27273822081264,246.63836895415776,236.9835809777741,184.33352668716284,8.474361600578018,9.804542799886905,5.48686932810913,7.714176285594749,209.2528189271683,van
93.07458859791842,41.12396747094013,64.17070739601289,321.2016907653759,94.58066225084927,15.355401628152881,900.7344097364598,39.42832267714789,144.70737186315023,172.88138088670493,243.39179984855548,218.43678679587063,243.8935655965449,1.5375973931101492,7.262130372431697,5.440294107556722,7.884770612209483,201.3366102477406,bus
81.81558805530521,47.36390469336132,90.3194769565459,213.99554529200194,103.79514910849917,5.940778057821198,818.8664116723809,42.86905417513286,131.05770383524123,167.8868008945343,162.5026868899658,185.3967543361391,159.2101746978774,5.77971390357099,4.679704265327048,5.076509917307746,12.999631684140134,186.83454226472233,saab
91.94377021942724,43.986138296802835,88.243854656798,240.65671618202614,88.24449978628078,10.527890727430933,922.655513222487,35.51149007857445,132.29806402301847,171.85795322614624,179.96326150740325,238.4967672415973,184.67312375015683,3.594334374129118,6.187286297259153,6.842348241053091,11.125043621650727,193.85877883622265,opel
86.8581960367118,53.02751212669969,86.2067872042775,257.3054231458909,112.22142514159398,10.484577015156606,894.8066794942803,33.233123465530625,146.5494465105615,198.61914878150174,225.50178823491282,187.82816388861443,207.416564369372,4.039159561193012,5.626239530423744,5.24078738167202,10.759588796360573,193.82134871011178,opel
90.95765894729796,45.672061362130115,78.48342046942288,264.6565816364349,93.26053895898939,9.035372858127394,928.7122197674205,27.13370604630358,162.78575167939374,191.85601812553676,185.84912289237644,228.9361513302374,180.83234271971008,6.940965992258213,0.6232694171431117,6.69868675732761,10.705405898098565,218.07630805670686,van
95.7414843189348,45.36558694536206,83.5626648463774,265.7447992920934,117.92568677299268,5.079395129581554,762.0020558925374,43.585998680800664,141.8641559051761,169.89316061804348,189.94180699923962,240.37983223318906,159.2540855944888,3.5807200131616757,2.949629126675604,5.087663305039882,4.933374416507621,199.19844487373052,saab
90.62396287750661,50.06884086463584,75.25286992231663,256.07972991781,89.00010751751768,12.270095341238918,877.2872698567926,36.83591410765882,144.14105805289685,181.92192249458697,178.57021624847454,221.65682867832783,192.0141102645482,3.125884647067733,6.655937275768661,11.158313396933607,8.342112296000332,194.4728812562774,opel
88.66880287027115,47.66845206450054,82.72709291140407,256.446845973751,106.18445931112652,10.18901800526294,877.4143444345978,42.8819055643243,136.61203599054463,188.9307743456569,210.3550509234657,189.44805314841898,178.94526488348842,9.442406788543922,6.107203002368969,11.32795266660316,9.189686496534177,186.72228124054573,opel
93.22490247566597,51.143896395461844,89.00374430430269,289.4386754486371,115.58038770265328,6.742073469733669,906.9861839869153,45.315899025017416,137.03638714411775,183.4444494435058,193.85239887431777,164.08773558715367,193.25761321255234,3.2285287987324907,9.52352232079,6.56904656767132,9.14304964734163,206.4700461758506,opel
90.45987962239394,38.063063708535,75.4642098458857,254.43390549195374,84.58886158352584,13.086596058072775,933.1440634333707,41.085264207689804,126.9894226584726,211.6147016572802,237.80396822249574,197.7782417965286,168.46561775245365,6.159714570590264,4.268351689169123,7.388103887211748,9.01841197549544,223.14654444472552,bus
83.80363426424074,53.269868506793486,79.45438958442958,222.36737809173576,117.93541047909564,4.562139174092306,910.6045359661368,38.11897713493457,114.71408703740714,187.98693290993424,189.13596999247326,197.23963865242516,176.91996069553133,4.2412170952271575,6.47893397756087,8.25286743349206,9.061505188103006,185.14381996244265,saab
82.81868483909986,53.77439110509178,90.53786539084258,237.4568449731165,121.26895594756735,10.14295186050912,814.2596370504265,34.59316987190142,119.12106987890742,163.91502909203217,212.70491073207913,192.57849135218893,169.70704415799347,3.269734124408431,3.792482874795367,5.474319001075213,7.360355111290573,189.29039567567548,saab
91.69462164323812,38.53314650020794,77.15493094937621,244.84759028978013,97.80123759464166,10.818877061284505,991.0276751443948,32.30580538048969,158.56975536982787,200.82441766634844,240.17576885264143,235.809214827527,217.29657680968896,4.794751390770886,8.33298625423025,10.060499387939133,7.59554823450698,192.04344866174193,van
87.4966430874376,48.351056886186356,98.46116222108301,250.92158443266302,97.36408559825611,12.046113110504479,887.5089830205318,36.00109843600395,155.05557853215007,191.97569960135164,282.71173460154733,205.3255188429655,200.32307959679324,6.390806442566641,10.598299641095334,9.955744544422275,12.047016346178978,199.67496106942312,van
92.40864890863176,40.38798385997087,72.40465087308228,248.37886919183475,76.65132740897928,10.528940114820466,877.3385975336363,35.28020865245273,149.07052287124534,190.63280263959405,205.68480021778495,194.66633742847006,188.2206977475579,2.691274663534031,8.139520714397294,6.752534639800487,15.575698003240719,210.58789184496894,bus
94.07170511668092,43.25144847535584,75.28439202789849,282.6481547811104,85.71811830751545,12.068166936518452,880.0181907192699,37.05242319270433,176.37748533659993,196.89706167610396,199.6067132261577,226.04599875359045,196.2586875128265,4.801811399517462,5.543455595186774,5.028392382664347,8.678529549592644,184.01379574822187,bus
82.92246280593339,50.807529008237175,73.31669332445225,205.26546364471122,109.84989754797031,9.220670866318752,907.5627961167355,33.459951607255725,130.27026565833378,191.04175156543675,245.41283744925346,197.03433724145194,178.64847534467336,3.5801617340958707,5.375237290619923,5.343719724774207,6.290669945843371,212.3474915815259,opel
85.17191297904925,44.124534993057495,84.69577895789911,250.17567309796294,103.39111585955189,10.268332831991687,919.8080851253407,26.749816919512057,145.23446198566475,201.35190340987387,226.68613070212905,192.8077297224309,197.136279877473,5.374645660693448,8.787950451728804,5.587955257183762,8.531288058907986,197.8480367643982,van
89.9534576295214,48.35739645692641,67.45818260688105,225.3097600315521,102.17937117322887,13.19894188022758,978.9673379878387,21.385077704834153,159.83852343606148,195.38732949501693,240.32249575800944,197.38307194105622,177.1825980589292,2.3284624876458198,9.930653334322253,9.450162088895016,9.885028492907882,186.69773744358662,van
94.92649718258168,42.33124366088998,71.8966642139421,270.57537982846964,93.58777927916367,8.04014885043551,1022.0971200976301,24.619942064277325,143.83856541951056,196.313806342143,243.1618975173362,225.3806331088455,200.90191069602704,7.896285900944099,7.904401499230421,8.823131438328565,10.891480071424665,194.50075167535655,van
92.98958333671038,43.18545444963327,85.69287857882972,247.69780612153522,97.96042423677129,10.546236868587288,956.8373323699616,38.80805569863846,150.5674168329682,216.92346572463205,247.3151997218583,221.76153350335665,189.23798817070698,10.22259266819917,5.773410331770737,10.990916490485914,13.363564427709715,189.42163381389764,van
89.19221126834687,47.60922460644092,73.07904544409129,268.159246272541,95.04182297396898,10.780732388790751,860.0892630295447,29.34918519372363,151.1112937529651,214.75112364309857,273.4573640379706,225.32776953144798,188.99154539205804,3.6455471650975793,8.63390401396823,8.649516479067083,8.560843309701593,204.58389009957068,van
95.65977751254923,46.480847559766964,81.74938206009183,253.10649998398802,90.92935714554916,9.242480326793814,947.3747465730673,33.40449639352095,168.6746200416135,181.00329719141118,222.05493987677485,231.37584642788585,201.1161067102343,6.878300267400835,9.688911744143331,5.167462281318786,10.499455817731441,190.2972867409176,van
96.20981135783018,41.61992684384382,71.12056269454484,284.8652818804543,95.14178207894035,13.104979908834295,891.6439143106794,33.532702352741246,133.06074993600944,209.89863438602083,226.8757576309977,244.11644644293534,174.23121663878598,5.839219944048236,8.82754324277117,9.148636025431124,9.321637453524348,202.65878279480614,bus
89.64553750969444,40.27007392564044,75.08357575147768,293.3859118089135,92.57085772360219,10.133464081853608,875.8628238908984,27.472603818009443,143.60553724319,199.21586610614455,257.41930350743564,218.62853240227943,187.85635834887586,7.34551369053489,9.361281824904289,6.6812755357081866,13.067006845689688,189.61952241509863,bus
87.17899964288378,42.28307738722818,88.16069540108188,228.52622682164494,113.39887738331252,13.28708301824106,936.7381229764899,30.29803837530709,154.36235704801055,205.78928648571235,245.64068438418684,224.14915421728762,183.3458975468892,9.837212667752416,9.335096160739992,7.459257201728418,12.83973101072016,208.30498133985952,van
86.21792091628072,47.66507868817409,71.59957566090195,223.96824034393336,107.00939145354461,9.647775132080275,908.2907575633689,36.12133825741765,161.24776719985812,182.34612412970026,216.46710112199895,182.55841625460772,175.41552632897748,6.023725358361569,13.213718326299539,3.2297726026139273,10.687284494939139,190.12477037573007,van
81.1478760043106,52.26616394832662,90.46566642303685,209.85610024946044,116.38801070325776,4.623931349604644,939.0842393233426,47.62996269021307,118.28066070776805,194.9412374073444,197.41405085928983,219.74739587127198,169.6490905963408,3.2817367437822504,8.131927439463652,4.683052809477488,9.982778193428873,183.866452058927,saab
86.93642064405174,47.858900531665554,67.49331854168818,278.80028900106663,92.249531391755,11.354640322315728,921.4153548603824,30.062604512480313,143.0897223739983,191.30722860753798,221.1604546961679,180.92256826346562,185.27602446175158,7.20164279684521,9.902002876262673,2.8488239818429335,10.26262767109276,197.09534230262796,bus
83.07909167146512,44.60140131911944,97.32708933642856,210.939190732703,104.97967997804741,8.40788771503199,918.0503352384887,39.868502059390266,115.12625553596023,169.61762869925212,207.5510946567582,183.20842008127744,149.2195922233326,3.4265566103598744,7.1487727022677525,4.099694939896255,13.006421693551964,170.66436077034558,saab
84.9278823777608,48.95426450456831,84.39402855546311,212.3929412917363,103.01834241252402,8.551518088903627,866.4442425819045,34.57131050443318,132.36446818751298,187.540858050385,204.81831881838738,227.87849061082144,166.9621963613146,9.481224240348563,2.826302941368125,8.658547373132935,12.750300707467895,195.3300212944904,opel
88.9868630271983,51.274194865759995,82.79050065848375,221.40304103214697,108.53527137731362,10.887403268799682,837.4995872619807,35.50513586033443,139.66793664530994,189.4686146164618,218.2725275542867,217.67966320939337,191.61417716570153,5.037592383970984,6.986642853894655,9.057698307219189,11.733363348816649,206.80992404117492,opel
93.0647144233489,49.918042251765215,83.59173006870284,270.22566248221483,96.91527517473125,6.6570337400580275,940.6491964274685,35.22822707941173,156.57590876649667,169.05307955972629,222.90366992961805,161.39826261353136,168.33066803382292,7.534547292636764,5.185238094473359,4.154733061571192,7.993672686098675,186.13187284396918,opel
82.70484163410549,50.48584425679818,93.25358178582525,221.87779285953192,105.40318513453288,10.490082016446513,875.2182532859205,42.021045372696804,126.08329390495967,171.07770388655976,153.15043324669307,192.45682806250232,206.6188376789801,7.524946329739224,4.777622995499428,7.324612284736604,8.399350000525033,181.4145747243739,saab
80.13393530219146,46.31197641316368,90.22659288347154,250.10786752440927,101.78360559780168,5.567004845712268,870.9296982641405,35.64655374277289,142.73045272838002,176.80991969527147,214.2476017204698,232.76562366272844,174.33400246693733,3.7823536751532703,6.952258063381095,10.240317369913415,11.239365294296972,183.15619784637795,opel
95.06500945938953,45.11070728759404,86.09373656967207,262.8141581842588,103.06745225840876,13.158582999202176,901.0396853837703,36.44601410082441,145.88657590961438,203.87655425873837,192.44764998491524,194.15911175513793,203.00392624608244,3.575558472701898,8.022999150723724,5.343607454069531,18.04582533138192,188.73684723816993,bus
85.73538413722987,44.59483838920626,91.40798666835383,244.30473167782466,121.97504219080685,8.637616679256512,943.2099762943675,43.1247013451504,117.3272331162727,159.26370977883016,216.3064833361803,178.9255267821063,146.44287431948044,0.14947557482502916,5.929185121909298,9.124530221310138,8.597406932143642,204.38094899393138,saab
73.22758538651699,45.38517470547855,89.64413664442631,192.66598826392118,117.83407795429571,10.304697277923852,831.4268989456157,41.72145056602599,117.3336800489339,196.4870629393705,204.9569256380365,201.68749493746597,165.28097828836925,5.435477413317958,5.337001223400971,4.357427231854281,7.511382372775477,214.69509507745664,saab
79.39432993621038,49.504430547059194,81.75116196095699,220.49749443110792,109.45437975733864,5.544342867886016,846.156729649817,37.30634304176051,125.12832816970855,192.05362356513083,183.20783255918656,231.68269128724782,151.7273589978902,1.9225311316746598,6.031817316799263,6.205628486310138,10.601942392255992,185.91271898167574,saab
87.21215522492395,51.37067999313154,78.58573253085999,252.98912179326618,99.51969966649149,10.359244545263847,970.302806121404,37.56876704333227,135.77770350493793,193.4546642900169,276.92791841198493,192.45031955688737,194.52110604671677,4.719691086330776,4.154456455875327,6.741558654305275,1.1705753035848012,197.66393039017134,van
90.89658840824144,33.622289364822535,75.43990780313042,269.33746054252407,91.73946298543778,9.266242603169157,934.6552803631572,34.10057607276769,146.93589911367545,199.18398220888685,201.6262697702781,210.8828113823932,161.7904401659245,4.654396525207071,1.7937258243454028,6.637101861504966,10.165844257834115,207.84095793948117,bus
87.16706054507343,44.288328496782405,78.46231505449056,253.85193837462612,91.41337574221683,12.180366942040894,980.6395370791645,34.90813838819549,136.7950655659497,204.39486048008513,221.26815987512717,213.6058976100689,177.37825728806487,3.6162505916175003,6.678331528379708,9.283894258887402,8.912502991353794,185.758323998124,van
85.631562572935,52.12137160668232,86.64346652108307,199.88335189338758,113.47410919937657,7.138007599560374,784.6178709453279,44.53170554920414,114.85426490941444,175.54694865374626,204.89794603425457,200.61856993895654,188.88925567154251,3.96332386673258,3.1783954298180817,8.441430390990883,13.22713789923627,196.7227495960807,saab
87.80869358767922,48.741586625871044,89.04305212220021,229.2567147522336,103.34114585044796,7.424897118742587,788.7243945507645,34.06620094608812,149.58565492822322,199.12178047662954,212.04764396695305,212.1229939951694,174.9436072975837,4.031960753607443,1.8651281805220004,4.043772571224622,12.93120200357633,200.7620599167166,opel
91.37412785808418,45.51446980161987,75.91171858958256,260.38717491275776,101.34056084640793,13.080647959639773,944.5488290018268,39.55187082209893,147.7840030561496,206.95932100940848,218.06249841232028,210.6437017407368,161.23976670984553,4.745158531147253,8.33048010012985,7.239088191667298,11.931006259067473,207.41016951336448,van
81.90127447955128,44.39510740794876,77.22687524022786,291.6156145110924,89.80516326191214,11.888461844684588,1003.0751788318199,33.7872808686629,150.93556722280863,198.5561334878566,209.94050458897314,208.95909001020271,186.47101309308417,1.737448369078109,6.852054272811244,5.734489940229922,12.958574012348866,203.86191188584795,bus
107.31621056242643,41.24363026239202,69.90093378321124,261.08994957198456,67.2116590349594,12.534784628143806,820.2648466366602,32.509402553062195,154.3757013762656,186.01215951676872,204.66686824433305,254.08314867500573,181.4516706917158,1.9299195049352806,9.692451512405496,6.715706926118908,11.033915536523825,198.81309612264783,bus
90.24058379634577,52.82602185418901,81.8762163606262,234.40378628410267,108.99402962003381,5.780499744223452,939.7262424196106,42.743561825751684,123.15757819484756,159.29674185746984,179.475152493942,222.31120740864355,159.295566601933,1.7917090866721619,6.519191293397908,8.356174737124348,8.707137912677771,183.78262746216376,saab
81.50199595648819,44.53520664932433,87.40384983003902,208.73927454292564,103.61435138913477,7.575096594573888,896.0968189003809,42.525674425089626,135.69289323270064,155.21615083426917,206.99230662056772,211.99289565413304,137.30317007914633,0.6332357339143488,7.086513929948547,9.20568849435594,8.768144287601114,190.60761268005572,saab
80.9082611997446,43.738813378855504,79.25587167566002,258.7201155044516,97.57099141681599,10.837519920254993,890.1721035691656,24.65372599874032,157.1634008054041,203.97397023459234,253.74853510253007,216.20945508361504,210.38946399047208,9.451387585629542,9.039742036203823,8.159830527480075,11.924624934808037,192.1342790844215,van
94.19357144166996,40.974748845967646,66.12848252532095,240.28879253926056,93.95224149026191,7.694218814095034,994.2293152967304,28.592136752411328,138.24821725025618,185.46060580603356,226.07637191209753,245.64735449356232,182.19655762757023,7.661149808078081,7.851687317259659,11.425062078794484,16.180363582573293,207.71892421938657,bus
94.03819517609439,45.901424867798205,79.98201489926548,299.067689542354,99.19012560297682,12.643395612392027,925.6800053284858,35.77842982094897,128.92440135631026,181.6968637426101,209.0088572818284,204.88506591476127,202.03430220774416,1.2399799321844727,8.044501272035557,7.67737463584338,15.976296327285235,198.11652856004778,bus
87.60868373588266,42.20201911932943,89.98239699286084,308.36347110120187,88.71154535147134,11.729648876982022,917.3268552137597,34.25141477213287,148.56340470102882,182.0692360208761,200.7092792379415,216.49316471005037,145.68626588136954,5.193240508062635,10.935700889994619,6.992699479248808,14.847617470366941,194.22771274289428,van
90.29700646545069,41.14939595232409,84.96269257139461,256.5115563357414,110.80812601989601,10.953302081601114,1012.1702898593581,30.349895014722957,148.8544057252748,186.79107717493838,232.4873267856532,198.897815441433,219.5037544376238,7.3400993436310475,6.087882896633211,9.816045325072382,10.019144622889945,214.01500346552157,van
91.48973453061323,42.51338203705712,62.77125278893288,260.7544942258992,103.47142153166295,12.786635678788743,895.865965707865,37.71150127812363,138.58518404777047,208.2130403227301,229.64497905361316,241.57866639070818,175.94029061046155,6.552055827686951,5.650131962418896,7.425479551715321,11.80776670755385,193.6268903421112,bus
94.67930512840303,45.01979510598402,79.62048675611685,194.63169148723856,112.62915220643846,8.331718053597346,891.1494296001661,43.97751492396819,120.14266966572525,167.9151189847091,185.03818034302674,194.15336208679574,167.19251678204208,8.210173278669004,6.507367108596194,7.629368874588138,7.814799281618372,184.71510875489608,saab
97.56633716556678,44.63244349400027,73.04385880699296,288.76567611952,78.28500095832143,14.426195399958367,890.3170270360141,35.758326466394976,150.13085420097292,202.44191971499936,229.4400454183855,236.63533455345657,199.32950837356628,3.1085078786064377,7.2523558073239345,5.37799827274231,12.526608688735793,190.45205282622308,bus
102.48969669566216,51.54026557811008,76.07792515617548,250.8257491117488,101.50780608814482,8.054470966479998,1047.112279737815,28.728956423930416,157.7323998666576,199.33551024690544,250.19366154484658,248.24010938105394,207.3204065007508,7.552457009448212,11.084553255322604,10.621211825626926,6.892114214180081,191.62619210317533,van
99.72026889416313,50.45050550934845,89.71751251872915,260.42916208030755,110.89469699284143,7.3360577838429375,832.7623573995555,41.75364569549317,127.89118503410398,176.58479584994694,202.97330129088576,222.84109184704494,179.33842430312123,7.237824543414348,9.783983152362662,9.910996584157886,9.644191585982028,216.26085613853053,opel
93.37551726904469,47.128196375025844,86.5566530429355,245.6400108510902,103.60948119624503,6.343296416974265,823.2283845484716,36.377650573009284,136.50414684682625,185.90270311075324,225.90042918538344,196.12632679911238,200.322019408603,2.514871994400589,1.4909567432032542,9.800199623655628,6.828712982630572,196.73731660768658,opel
89.20538039401647,60.3863555845702,84.0371727244253,206.09964414049387,93.44286997545268,10.153840821368586,940.0708515893513,35.03497852996207,136.70209170795306,189.17366649477847,205.60625909952321,201.56155427791978,171.95864065140375,7.569959429524337,5.966464864907421,5.201104047480651,15.385978492604961,199.5127770514261,opel
88.77324271618312,49.433336284787686,77.6504839426504,203.20724254875392,96.66490454018106,7.378684888602654,943.9242603725836,38.16530732750801,133.12455443593407,178.5657678354107,213.21409102556925,182.41967462099097,186.14162010868844,3.1348812231065892,5.986591647579523,3.984829730472125,14.166059202413132,201.15529791724742,opel
79.22448984364419,54.951619047341,82.12999247022138,249.0654808426635,105.72033267093566,6.417088871026071,868.3060198343316,45.28985337197516,141.62024550988465,172.51928195678332,222.64303259381546,191.32304953294854,181.5368059629705,8.95141020246015,4.837781304351774,5.083101237490385,7.313661947284959,198.27398485621342,opel
79.37939070569614,47.96913292340115,83.22966286116615,260.2856147144097,103.09448230266537,7.940467023327196,744.8699654039489,35.49085790517228,128.13563584178445,177.14925964776705,228.8868682395989,167.6840814389811,157.70427465698916,5.635984198514674,5.798608254365646,4.896524296335414,9.952087899766084,192.83304237088714,saab
93.0394592343392,36.41098251405668,63.77524847384487,263.8165575306272,98.62944666745037,11.381767071594997,975.6724871621066,27.67746841257417,153.0040952522768,188.99576434261294,237.38312128778546,236.81960850371934,160.40773756211848,3.49512952529393,10.983106604409468,6.137748860849802,5.41161653670016,197.07603351400627,bus
92.67135123214871,47.061816961124386,66.46647774241396,243.03629155788573,93.58166848013852,11.960724402146637,870.846128071553,34.04427160332122,133.73232531090196,192.76797745365195,200.85698170209915,224.14560809230483,177.30205453229905,4.811082571115994,8.669502652649765,7.458149376411405,12.478387520412387,197.04758882401785,bus
86.33607524366127,42.737694528504036,83.62274312166737,259.5901509600322,99.45702894640415,11.319062939178277,900.2822467184563,29.619553409196936,149.9231100427863,206.85290084710968,267.9845590014232,220.01834658171714,177.4859298539805,6.410911374072605,9.198901372643409,6.142147035078539,3.857688442687749,188.98713510160172,van
90.02620012774572,41.821601092377506,80.63109190427059,263.26564265588416,110.39015067469008,12.63815438039161,894.4915020935356,37.74240983750117,130.35231710147465,177.98912064399633,227.7368531897717,182.1802911609314,184.51190472311458,3.175348971867284,7.221761005785675,11.850825183607785,8.611605483371136,205.30451671562318,opel
93.49448152205356,40.45406938100499,69.13466853120869,251.01202222336113,73.66612105260567,13.92775823358982,929.4289202210305,37.53888587424708,145.97983153470895,178.92338972881942,201.64994357971472,196.8448763970616,205.8250666731267,4.7212055986735315,3.6253113057785793,7.672289926052458,10.807326703524836,179.62415203550825,bus
94.4217585880588,38.45874561255296,78.00550312574629,291.0728359321568,91.66706246358042,11.705995996743022,870.9738275097639,36.95674852059065,155.85786324939346,215.89538721694774,197.5491038751117,233.04554347573296,177.1062821522387,4.283941240506028,4.69333519358851,9.01426667294632,9.089627218861068,187.95271564389117,bus
94.95721075875927,45.63235690129274,83.5271353288264,255.7836734623745,98.96772707896173,9.60475906440807,888.372984438986,30.777333853352932,146.13677524552824,190.93351454845708,219.1032737219386,220.74957409212857,202.1992060909689,7.261751207192312,7.5709246709640725,9.084406013818096,11.40175664554837,203.70340267328845,van
104.48396491326974,38.199738114083026,85.01412915173636,269.671542078545,92.9196880197298,13.082925456409576,904.3071941523187,30.638403690228614,143.96778247067505,205.5194761772292,238.3690888788483,205.17692505715792,204.88694971313285,5.45799278491868,5.969563212383514,3.7239418851279664,12.55924850923214,205.9730018754371,bus
93.93685740316495,50.627738983567,75.63096859418111,254.37318613514594,84.19229360086705,8.24831518700978,985.7746548384742,26.735380043887822,167.87346414429825,209.1262032254044,234.83982927604782,226.01403895091153,160.80212070461704,6.684212079300837,6.724382614280128,1.7229706675319205,15.155091987291627,182.20124891791832,van
88.48708671532157,53.226216270938004,84.23676495117523,268.12464718525104,110.39398646739812,8.157794455676337,833.2695543704884,38.73035121685734,130.6504812316462,183.94126510434148,209.99736627546125,177.76298586671942,189.05606005926506,4.43441357978135,4.583615083283922,7.8054363785396434,12.327687287068422,195.14289315478706,opel
86.05604699612229,48.2967280065338,82.00077379296981,257.82915933911886,88.03760357062092,6.87358053191476,860.4843031787244,40.48591431731623,131.4561699682689,179.08096058569944,204.82818232740095,198.85238295173872,171.84093361558226,2.482669596914455,6.919150976622131,6.0010787252577575,9.51920294571166,186.60685498125653,saab
83.19823473928943,46.05763955181996,77.02513908733957,209.6977012750104,101.63211305589459,6.3411897933498365,970.2205413349212,37.49682948936668,134.43523031370455,179.97888320015176,254.06619630515516,215.3410043698542,141.55367053476184,5.9200907817671125,8.353675308222014,9.01858991155962,13.2439861958816,183.9662129283371,opel
87.92314628974793,38.714456633388025,79.97643348710093,261.2053788345165,101.81232279780717,9.337534092884443,888.6757950575084,40.25965781433619,144.7347874075094,203.9259733829931,241.45956095532023,215.47806086569912,189.86085542332341,6.044285091867872,4.414749305695475,7.728280592109323,9.600178479894197,211.56208252057297,bus
93.44364001504918,48.80522497719793,79.14044650781484,239.92860762184566,100.72874885004731,11.572812423991634,969.0389035682526,29.172061643606526,139.6200864501077,191.19988018309238,228.05042283951192,195.7739354610104,206.82248817774894,5.137088710880231,8.888290342174514,7.423874403297443,8.80051979714042,219.83704135478752,van
93.67671583381022,37.006053853773786,73.38666785667101,292.1740716116582,92.42108372191227,10.05386211823689,890.855177944758,35.43423882310609,138.8234810456565,212.95211355912323,240.42766590858798,207.96157364366982,178.82860089325996,7.8726708114119575,8.631002044888525,7.2901274919187635,10.808414051562037,166.4537333709561,bus
88.1932236509553,50.88413876326842,87.75647173710924,252.74704958814073,101.19473528847904,8.519019787335683,915.1140548050878,26.4185825053632,148.86333310918565,202.53737296774833,243.57058339440957,231.00098083106855,189.76655366694558,8.031874447127112,9.214578030203386,7.933949472560879,7.038861463191054,204.7814057555581,van
92.02619928952204,48.66726423807311,84.58507603101847,262.3395885528026,107.09214877380664,12.419526503329147,888.2478437704513,40.38403469194448,137.6211329897816,183.9086990780196,243.0327789737176,199.2269646234535,159.81217079374483,6.56977737498837,5.38733756224078,8.101147187403196,5.236960583530232,211.39463549570124,opel
85.40162760898183,52.60900260749099,83.69469858433361,239.505291583952,97.57828566172505,9.935149824964315,819.203109101205,24.68198480996748,140.4246297172271,167.63046741557156,200.95151470381916,213.1361165701896,177.7620112231973,4.075001693600061,11.017818838192255,6.841755555230983,8.362540402719361,190.51117203979118,opel
84.82717880078098,50.707048413001054,86.63580108591648,266.1083369283956,112.11585347961099,11.425422822552544,872.2295997536564,36.558246127732666,127.20649752943079,177.8089112660117,225.42060198862282,195.70590781490432,179.38898143959355,2.6699362193921496,4.706943041046971,5.467574099187017,9.879471675968905,184.4828720943973,saab
102.26767038578659,41.32925604791836,81.75939017728655,281.8130966138462,80.8292368558505,12.239160736828307,863.5998529385433,30.425095170717352,146.97315707405596,191.79332374442808,208.70451991658115,205.25594157610146,178.052579568719,7.3734692403546624,10.87030808012046,2.963024271222724,15.871933382767642,199.9406391897552,bus
87.49704823731969,43.86712784421907,84.02546748966125,251.0045539833136,91.23023740105148,10.075393146247846,1096.3635046236666,30.535833522320942,162.3340607635267,211.12100619221337,235.9959749139926,199.36244499421343,192.7449167446789,1.516168130982174,6.737517727518599,4.568583362723741,14.456432107817648,193.75165381565517,van
84.67831176310416,54.29365080964178,79.96982871999515,230.63243947820496,99.72217786866027,10.601250802111917,786.145771883444,39.94686764416392,144.04316281994952,168.1221570517457,203.60677381327775,159.08034530831952,150.77763540696765,3.782302749861677,4.38556864503112,5.509385027624395,9.024200278233408,181.57754869853207,saab
83.78448847668565,55.419949429922625,86.09493525556383,243.3919535278987,111.54650989055969,12.23471739489011,902.9300226938815,40.7044145531886,142.30089156171752,177.0883622957366,228.7267476165866,160.21931607657407,194.88519898185194,3.899096254621576,7.303695099283141,6.356824631148585,14.327623947760191,186.43947442520596,opel
84.38609872277753,47.38766506796138,88.45376076410597,274.1941605735104,105.7512518532836,8.830066806223705,870.8879087910731,34.564622886804166,135.12297111870885,185.03089253336663,166.37649524668646,196.89875910603044,191.51186761042453,7.17351795405313,6.391869483868484,10.269211023522402,11.479506055724292,209.33441339384262,opel
86.70779683179174,44.08247067257813,75.36936825564275,248.60733093399784,99.62991026186926,9.446656456561708,959.2154532039052,23.965776127148573,149.31553507333584,196.30681229841812,241.15728094853512,211.1039848506018,188.75366008385225,6.003566082209217,11.085472734559552,7.2399263074212925,8.804664175031899,213.99417926653882,van
89.71183375331192,53.30026015739416,72.38000841563675,312.2582040208768,102.46265898011109,10.76346833792502,911.3272077983285,33.334412819349396,132.7081711049658,197.7091896907829,214.6141778951379,218.9965442745302,188.88482005362215,5.061307067146577,8.611331137285191,7.104244710136083,11.0771652804411,207.69135779310034,van
90.81500484852651,47.94364478252841,77.92133950375295,259.91143472964853,115.81737007627159,9.144942823559472,824.8138831585273,44.749708606728,125.09127105106434,185.685495584553,195.82164085258256,169.59023508836356,153.79599410328962,4.734399597550776,5.38938169296287,5.342221006658382,8.009979394125342,168.93397264641993,saab
89.01685470694134,48.7499099700277,88.10511398419403,252.01582145289612,93.55923855175593,12.656113777973935,944.651426507076,28.899514286979812,164.16411791700293,211.81890042558894,252.29889278062757,208.96915582784698,170.9445693051237,9.005468652611176,7.56977239965902,8.93538020771777,10.546294737447585,196.54092719333173,van
93.08522462260841,45.102391171810915,85.08572327130393,239.59879482296557,93.52671613046144,4.931750613102297,894.2788540847522,41.78303940486852,140.97484971353163,188.48693198645512,204.1335525707823,193.07230727370205,161.1080115023203,1.9933963380490067,4.333716953342067,7.013068782771835,4.169934981273011,168.77679386706234,saab
92.18856235379513,48.48862478805053,80.2898385416967,270.36867866130785,95.6720300607081,12.250449005295815,980.3672788009997,41.46150275787777,167.31300146192632,193.96745239850952,204.83009330599862,216.6765325585872,187.91161446430036,7.083449328117703,8.148142441788004,6.4050355982523,6.094487359685839,204.32434870954668,bus
102.61514928204012,36.829917046269195,76.86750092726122,269.24730595150305,92.81644317211438,13.100104198049104,801.6821705312,26.51258040396562,142.0451968197084,196.01856295261987,230.0356547233509,228.03043982679011,172.44106353425448,4.6283084956145055,5.191863420528,6.773743894968519,11.023166843554488,183.48846263447132,bus
87.97414124128562,46.89362966284987,89.17248710324546,239.8806760202429,106.04532670995452,9.31635635950773,982.2945210137946,31.79394181678576,134.09858169319702,204.40059929023144,261.8959700445465,204.0440768755208,181.00540007768194,5.938426995173169,8.235177259774405,5.645166989501423,8.099231453518563,189.44675841407542,van
93.01617977293016,46.985600470935765,84.33142091262884,264.2282115893099,97.94443899902575,13.030889616704496,964.939889016088,31.97153588740748,146.94555297558318,204.91445510894403,276.3351125915021,185.11027100222267,209.647977541503,9.455927670763531,6.301790298019553,7.874212266200284,13.408574123927627,208.63923549962445,van
79.12898852139926,46.25667508083774,90.96648716924551,223.53848514645952,106.96300402658532,5.786259416931887,796.0842466685386,37.38503188077213,115.89532583587226,157.57917542294035,231.96221791503518,194.04028410298838,163.489499685146,3.3200325552969616,4.37566105654734,3.228146668059507,5.4198635626685405,176.0641903202199,saab
84.40263807831032,41.1706281854016,76.68982820642321,232.01150438027966,107.41433544522297,9.77204923741712,907.835898831671,38.66010104975485,142.48580879251847,175.1120020164907,161.37757672056745,169.2499356353055,197.59420713592306,6.528585162840867,7.9245046585860965,4.766160976175682,9.898569286858306,200.3266575788036,opel
81.7195138199718,53.56736231837925,74.39165968495362,205.0087017615199,114.69646027675628,4.177681349479025,846.1038632160742,37.88938489528665,127.8058767902793,166.55297001297018,221.21600143611894,183.21153177026218,161.14678081699265,4.038581760747886,6.588032798613262,9.793777495744163,8.313646968241855,178.19233553420972,saab
90.68888390334331,49.7191055177015,74.89760459431571,224.3042118096921,108.1877802209373,9.645364853148287,837.2406414242859,43.05467259887598,143.33998185876925,170.87579930150093,204.96610951471968,208.50981694530938,144.9037398124139,6.227724795964441,4.7766137565964035,5.169817326549342,8.50372784345432,185.23946382449262,saab
98.27701804729948,41.790879891441826,69.868968871589,259.07171047018437,90.06202773160616,9.242840513573691,986.0498476452818,31.280866311795315,159.5730482259353,185.97133842792147,257.8011546495092,216.45009320579808,203.10984626510324,6.199652630199536,9.41882196117321,9.446075879159729,8.480095498636242,204.53905229441347,van
98.43130095187257,35.2084884296446,76.95679813345271,226.02388086759836,96.07142871829411,15.002667303910973,846.880323592656,41.46233129419293,119.3766634120469,197.61250531233856,219.1435323737685,207.66985959263897,211.32399607470862,2.9484946327194455,7.661702609231155,4.543112337468475,11.76279797440633,197.1066846520311,bus
108.6008458329481,46.20460790209009,68.36084454754997,286.40964362394726,83.96579319984514,14.393143003328984,968.7438209574093,34.867080037422156,141.83927143972952,197.30070759191403,261.7688554573985,199.60007867605086,202.3085110138362,4.523779127375892,6.903822985338455,8.586351376437355,8.693190778632435,186.431481348722,bus
92.77246832797626,43.79813620511719,79.31215498696164,250.29017998525308,108.73685427185941,7.235964862615125,966.917872096798,32.49234939155638,141.0640498628088,209.7017508256786,204.8912420537858,183.56888426977898,198.22100387060755,8.73105292505253,5.804778035448546,6.196014701113605,7.109810976404293,203.16067869729952,van
80.10988488238716,43.33949881478382,81.53479441588472,214.051237658598,121.12514876759965,9.867620852149994,834.3535516404993,36.957597342299444,130.0022394799579,156.05418849527697,203.90324094283636,193.47443696520835,164.27343204988935,2.7408115362724046,7.81374106922057,11.049018553214989,6.501410174536394,188.0939044245982,saab
83.63553049344213,42.54564957854882,84.78796729767342,264.87303551080345,97.49865243414114,7.535137521672,884.8577618237628,30.79844167361113,160.06606541032627,197.71994273190282,190.14379001209292,232.33362550135044,188.4346232584287,5.098011965941382,3.9701975349867835,9.545695677087446,9.924433949411561,200.92627587948922,van
85.36318331139945,53.2407794242172,69.85641033410234,216.46603628458186,107.79209814902464,8.629468170139283,816.337227409657,38.858131675545664,121.78547375447778,175.32076277666752,191.207809658043,185.16358716596483,165.2017282278718,4.859052852245089,9.522997981604767,3.9497887179712787,8.604581609601102,189.4921239278937,opel
97.71280021792982,38.100218755356174,76.22078181520334,276.1560353778412,93.65402575323027,8.814012532936662,940.7868606269649,38.36248010601821,149.47716925810278,196.7334166437041,225.20561013165772,200.3165240244301,188.308121405208,1.3640415492256905,5.821456696421388,8.916771639684084,7.19918668648887,194.77699716281947,bus
91.65938287416023,41.34875632281395,78.58450082412726,297.8421927054799,96.56921659515142,8.503807870756706,948.7252935707401,23.677584236763323,153.37482074726398,199.01690152545623,262.1246311771994,193.70263702181313,182.83240223944313,9.887057762244394,4.854021485854278,7.459464791272222,12.842535725726702,219.1160606706332,van
95.33764102343962,43.098536213717345,68.77652307404126,235.9483279152432,91.02483531928631,10.674198164898105,919.9843975876321,34.90321757443633,143.3185618141521,188.83638591960522,190.06941489819843,205.41014065201514,172.42121302329153,7.141221119958372,8.412157827630264,5.723434546943012,8.206504779135102,196.8125116260205,bus
89.97819003654989,41.45068216457692,79.1508454797983,267.7830764957561,109.546488047417,9.994427778666198,931.9495388373715,30.438286320311434,151.85837628902752,172.96651952892643,192.30188982098835,228.91776313109278,199.9339447323943,5.353915262453986,9.989116471483243,4.0558219467123635,14.584994690458736,194.21787901780246,van
85.66367403704126,37.78540277861127,73.14272136411606,241.03972199167512,96.82732447024246,9.156378666516312,922.6185898124867,38.85940653238983,135.05650625391488,207.119439853864,210.8539668982642,234.02898554116172,189.82389817008857,5.433249950809238,6.679279837910339,3.3377102433232997,12.596040028642221,205.75343401956897,bus
90.2958065798928,54.71222240181038,78.73653967892045,232.65955162736748,101.70271083961428,6.893061931853446,997.1428504143704,44.10852953662052,134.58800267306705,178.72837203705868,243.71488383947923,186.7496570738652,164.63752479803827,4.700638104169366,10.541915106695491,7.542068505722489,9.144809441118042,197.44612504184036,opel
90.54381665524652,48.134270592276025,79.08048598179607,289.70627849067375,103.35765982697188,7.664116659080991,869.8515828426057,43.96905803790023,134.41553810693324,180.43423408816412,228.32657906877142,220.05619503910282,192.0698440043701,3.612607015071192,6.665727831674328,7.017075230358338,14.16609664025212,180.3966314389985,opel
86.29347742669971,47.064368058220424,80.65636345412035,247.52777123778398,112.96763942581124,9.331230250193444,942.7968520007848,34.804593823930816,148.38727899914912,178.97733649782407,211.90606798307235,249.26027377550048,171.2394016123411,6.056539877830211,7.503738896636051,5.744674607946608,11.616239811373253,185.9687991177388,opel
77.51383802757914,41.99303933009495,89.18342827834188,251.49059580459863,113.76010928997329,9.006464769064992,880.9278178488962,42.28376397576879,129.0487512244653,173.39961326420655,233.30504467889392,161.76838021644016,178.82654270360462,1.5348218716621695,5.248143509057288,6.7417037854219934,6.4909843905111355,201.1231152790355,saab
93.1163541796013,43.61934117820081,79.15010848393923,230.12820968811928,98.2356941667477,9.872852921627757,824.6714214731642,22.13777643409398,151.3965368956535,204.38579290921007,219.44152469978522,216.41995127372047,183.89538450439943,5.083949633970887,9.086064558579304,7.363682996764142,12.633478093717377,206.7635704767491,van
97.94298411543504,50.09028065171428,77.24141230501714,224.528289028068,98.35772784403,6.514104939026669,983.6146704020201,28.62360788695067,171.45824925076488,193.77729777106003,248.8463373632897,205.88466012645657,196.843742327928,5.920147073253273,7.544458041752731,10.689708062361388,4.359134768293646,192.765133775802,van
87.15504846065038,48.92652480345048,82.98899816064169,216.55212831346995,113.53408519719584,8.297095807185277,834.7250268473174,33.97700879774334,118.26369607453202,160.68811666764248,244.66231834264352,215.0673178545829,164.86973981292837,2.236363002029161,6.5584802024419995,5.234001571033085,8.41282506274835,164.48947592146146,saab
92.08767254922648,58.71851477560001,84.79640048967163,225.91279351558236,115.45293655436038,7.2581534602599795,1000.5820095894285,38.98473577718387,129.33993291017373,176.69947264756,183.50277392299523,208.5553788870122,186.96209400845143,6.823627187141604,5.296816334996795,5.870096946689559,10.432826237442876,194.96295365503667,opel
77.89325027340726,48.85156198055063,84.35572828953973,210.05470084063168,106.55657840959427,8.670634512794615,764.7689020911442,41.60294901476645,137.77735047247853,160.4510783471069,215.04966754148438,206.55033909214424,161.27628855159173,-1.5999286051871717,5.006247745316943,7.410297317876354,5.017477528387708,198.8695989027328,saab
100.26901026017451,41.53626179575723,85.51362266054174,268.09408935226094,72.77287909117028,12.064008298131533,954.0024032857324,38.173954882208854,153.1788965802503,200.0066572138121,218.9959076591651,212.66468168409506,179.95617891978392,1.8770135551162812,2.013458359339845,7.554716923929352,12.085372743549476,188.89142360194933,bus
83.22032541456515,45.69642468510296,92.32330362358739,256.71140911073513,116.8572671073863,10.669012266675676,867.945879187033,43.66161188193975,117.02271624318767,170.44779419117293,204.33439284245765,167.6534707743009,178.30441114037347,7.9058891079990135,4.673323352975396,5.987331719069488,9.95978358553432,200.86899657033092,saab
96.22901436281464,47.37012122927104,77.68596421413291,210.89902459363435,107.40780080571693,8.656975586038909,871.4423824441059,30.13923016199933,147.4106120342161,201.8780033804252,288.8244344494383,234.86938256691928,195.33007293385205,6.528580420306502,6.14983075904273,8.16582370634408,12.509452413894824,197.36838727940173,van
93.45448528795004,46.65199564855119,83.11322708264073,252.31649174453892,102.88314716014465,10.221772765656835,886.5931597512343,26.557083346418647,137.4880086336632,185.66194176071585,247.6486663138507,200.89602190367683,175.31049654576046,3.4247894326938777,9.325072066797226,9.706697954680294,10.549038784934446,210.27479343352692,van
93.36168926701116,39.95101290861234,68.95148213449558,261.31007545135367,86.32892589704848,12.384098232980064,893.9126245808358,32.383697267490305,149.3192254467394,209.19603004513638,195.24675155345403,222.73617041378407,181.55677016959478,2.9955659621465505,6.193848021869939,8.565747469897145,13.60887272855157,204.57791614472904,bus
94.3202426520588,47.40400591810737,84.38738164665136,215.79969114216897,116.56114875298448,8.56757605567616,807.6186393751558,37.92066341709909,116.62325813912315,177.01394558715282,156.92823774110894,182.67944912564087,165.96983183712564,2.9225474393071176,5.514667077145755,3.7824702091900098,10.365439142848555,189.88989530660044,saab
83.47852406674205,42.45085394627654,76.84553610180846,229.0129981759734,106.46593528366975,10.04000876160162,846.2215735704392,38.900683728907744,136.93867992387683,173.7224501324251,199.6658178114023,170.5370824670694,160.97025578141842,0.9601476521154497,6.657657609516931,8.873013212114016,15.084614608544335,190.65355908175204,opel
86.23453031708306,51.715871794194065,89.08980534201034,236.1809367004807,102.21737685933634,7.292282074359792,827.9548905694572,41.544665991993554,127.32682976832191,158.6893237480502,173.36173779217827,207.41001798198326,173.39814126396493,5.064044864545572,6.15577145396135,6.963015261982611,9.88373040162096,189.93537294203767,saab
77.33440391140945,41.381958420349015,81.19884558728506,208.5952669183631,94.45378966376046,10.339736075809643,807.6621446835768,39.30552403138224,127.67357301877942,188.19973642346787,216.6825249467647,205.3235573040836,165.26078557134863,1.8533061007885205,7.356479487810111,8.337125232674254,10.252636989533844,180.6827581140034,opel
93.91717515701822,50.57272503173962,76.0960410357897,295.5417299610661,93.76784462784012,5.6112350603599515,935.9437257555957,32.743431274433675,143.40251358746033,192.339547975996,238.97762613969246,215.147462128347,178.3743255547564,6.088125134813199,6.293201051921777,5.68909641236468,4.057490587232098,225.83573660166567,van
93.88268607337075,47.021363369772814,76.18850856460713,282.9741977517929,102.90969015246918,10.230394571946198,906.1335157997398,35.37137960456446,145.00527958856597,188.82746813453076,202.63414536247268,203.85153893783357,177.35289960213677,8.882434872927497,7.090445417999965,4.303905776119666,13.518722967917778,176.40663228339943,bus
82.39957433737233,52.83309896260856,82.10781949009882,241.01827391070947,110.96149505515062,7.956338917023704,927.3910388206233,38.05125721826598,139.01327176860468,165.6827030347526,227.61613706968444,199.10744753867115,186.3378768897611,2.648531106666077,5.516857482212985,8.977052209294884,11.980557218782803,205.7652265973867,opel
85.48321630975263,48.39650316990464,89.59313752851125,241.58405857379287,112.64750448142648,8.372095626168278,860.1958016960366,40.01637532777577,129.86977147831178,176.96077352384629,203.9003740030334,188.21641900604706,198.86563712583919,4.255363292859031,6.47158143001127,3.185556000622394,6.446146604470245,195.54818118178395,opel
97.81419288767493,41.02853599565782,87.3799422106321,260.9936637258052,95.81139209274734,12.895592836915732,1033.6132952048763,26.952701313364607,135.00818798042303,194.95701984187377,242.18165940699663,234.11636841432087,211.5455205136563,8.116340187648204,10.03044178362861,12.24198713169022,14.281985954784307,198.86841505543916,van
88.22155250054101,47.814369522145306,79.36260899647625,217.75154218198264,105.26499146925526,8.739851226008781,900.897852621468,42.3014268980805,143.83135646778152,168.6913648931659,204.41683540580703,227.0740371093386,172.56780715618495,2.4794311227568127,8.611165431621046,6.339889422102965,4.423155209864268,184.85055920578927,saab
96.16126848580502,36.40634131460657,74.24527847940212,257.74422619031225,66.82995697445048,11.223646362917542,898.2179258851259,41.4488825130217,146.5519068385898,202.83390509282594,213.72940627655206,227.59059168443622,166.37359136777565,2.4390888579950665,6.838243004269078,7.848133723036902,14.74042119605222,186.53640280113027,bus
99.10951252187611,43.30166539595212,71.37608887970508,286.6784430909781,107.13816286889491,13.116653825043445,960.4183115296571,38.1997676077682,115.5961136533572,191.86941969476845,225.2697443066212,208.41104427305817,204.4380767279452,2.525146723554855,6.84866879134834,8.192882275163505,16.960851805476857,194.37360422672765,bus
97.26945776147942,54.55348797148176,85.81741415451744,237.29180239542526,99.83920998584279,9.024733158090074,823.8861041256025,30.175315197841712,160.9848487605182,187.73820642187317,220.12813992137103,212.76156816835095,193.67435639758006,2.934632058152532,7.360347444222487,7.346772438677575,13.173403022625756,193.99661340993512,van
88.09541584694006,48.22021443641899,82.05073351715858,235.1786085645138,108.03203729315439,9.716540860363743,816.9431443904514,40.711633565646615,126.37144372626393,185.81316957768536,213.14642190239078,200.84530912311425,145.44797203533813,0.7925410499402092,7.409578884877973,8.083465705309195,7.04761903479462,171.36132066370658,saab
81.91964392331838,48.896417114239306,83.05891031929326,236.4956318822023,114.64799631969353,7.647731604578444,861.9249462836527,44.34592049156153,117.86536639847077,183.7865485018038,198.42818408062362,199.289265349351,162.7974562368915,3.572459503875302,6.793255878442914,7.415356488054486,13.6140488455849,190.02234720351973,saab
88.84987510233053,42.60932926698057,81.67450315007112,290.8435582106946,93.45854082715893,12.043245968146078,956.7929712040828,30.503605553579835,172.91911266818687,205.27839349915587,240.60952827841257,233.267521103271,200.29851620129764,6.628677366262861,13.443824295812986,8.295641478073055,11.306638956977093,203.88185795654732,van
96.80818012523817,40.469309533235126,78.1788250674917,282.41344195101357,84.78865597108441,12.748113139695144,872.4070927053776,38.23223119312458,150.55604466003447,193.090962082727,211.26471525523564,175.7474861665484,174.0356558642679,3.2067155453695837,5.36756551091607,7.0938698041207395,10.644151884264367,189.1010524353711,bus
94.57031276212388,46.63854447473597,82.60701587654783,242.62121121937076,99.27139311717578,9.89044327932235,1004.0757043149871,26.791202367859285,148.1214059899128,192.12825930013003,248.74253559462105,194.41249349479767,162.86098428117612,8.627564353143615,7.0995962166683135,7.170167443759345,6.796832268884364,186.27590262438693,van
84.31129469806037,48.79092243166989,80.11358307404086,252.21822289468867,120.14971115661257,6.002358261331901,834.4801931762244,37.732746728790644,137.1250444209216,185.57427287114137,218.4496234046622,183.935179963204,160.04250345761466,2.454332538222072,3.0999672876649345,8.596668979550834,14.886205085695584,191.87550719592494,saab
85.30392686250651,53.82374328932305,83.83305109081134,220.49215515570916,106.53872389282726,8.775359758065694,825.6684405905365,40.22068255148586,126.81698985895666,176.77829799705435,183.99413436785247,186.8135957082663,179.07699523638425,0.3500445060777664,7.246471793277635,6.324446433797664,8.086132054935794,168.4122537491397,saab
90.76603140965797,45.47452623012939,74.80348037870401,253.66128658025528,99.51576391139713,8.772877204246518,885.4094365542228,31.535300607142,139.49463150508416,202.78936503512114,226.5564234568617,198.0314273161837,191.802630688317,6.292979075451541,7.645949007235337,7.336119611933641,16.087688558137355,190.18234028906525,bus
89.88200709135911,43.78659973009146,66.07810641061747,264.6709562701173,106.55498614511525,11.490301728569635,911.6466272299849,38.21527476034638,135.69168798375327,186.60530225042243,244.81753514400816,202.8401913117333,194.64590168704004,6.790747362371332,5.374062940105454,6.2898090511815905,9.689611630459229,198.75078404676435,van
92.10303737954335,48.64605399695363,76.52930627398815,262.980293921048,108.71410994588635,10.448856352470825,952.5170129379532,46.399010191983955,151.83424078555976,176.59395922256232,240.2057330254629,194.2101983913276,195.88909307465974,4.022445910173186,8.132354781540345,8.865657408184395,15.730549476767651,196.91878150578887,opel
85.06514506989768,52.504952753745535,86.60237613693822,202.62051848346246,112.04389168179306,8.693838991037195,871.5930176975417,35.57737746595747,137.64242355626484,174.88894787671214,191.55951349645636,214.48150101488608,171.4057577047449,5.038518618062425,7.003311711243902,8.765849611173504,7.123089875214647,188.99557191172448,opel
84.87428706671196,45.4674970697781,76.26610480321571,256.1618386023751,82.0829749074373,14.145014674619604,849.6728717360179,33.51995588047149,151.7286123596682,207.3581162000694,207.90510670923575,191.6444089746413,203.0079748771081,3.035392839245371,3.3198445109884944,6.1751723635670395,16.795614336289024,199.93560204334293,bus
94.63142927427697,54.73419641032642,88.99526694223835,213.28259488763388,113.13964814776416,5.445126792309315,849.4897199804534,39.99756607071084,124.58379236690813,169.7023229407696,199.64144063500402,170.5251030668746,165.7957593038423,2.522522549390145,9.27424358000341,2.729419459856895,10.71651939311239,192.59012970582188,saab
89.15660981190234,39.92393516838924,72.1340553194093,261.5962636580829,81.04264084299085,11.650080486609182,756.3868893359175,32.55292363637886,135.60096898891135,193.72450879622465,219.09177564135524,254.2517438106159,175.87115415140448,4.255361894124154,8.778074244559784,4.713961375852543,9.789689592157135,198.88375729230168,bus
89.31909542839671,42.715163072575486,82.37459021996466,240.3843770443454,81.70556844226188,8.018808516193136,824.6269295686154,42.54014742840696,147.22173456507088,165.79698219929304,202.78590999100854,211.4753552228917,170.0498386183005,1.9641017701065935,5.634919907692908,6.572645658823569,9.11052558726077,213.30104266320959,opel
81.39772464662471,49.881244838856084,83.19084222538392,232.12987960580185,108.39451825299736,10.093425427551526,883.1084376973749,36.72293414324251,121.80658407265426,187.721985542501,177.66118231795272,213.66845908951728,170.51590692961375,3.3989280296424638,5.638385109825547,4.784380039940684,10.562382917078258,189.42336259976196,saab
81.90912478949916,51.9383655153571,80.85834260057678,198.66081257665294,108.78439101222412,9.866133211441971,855.520902347306,46.742807016139885,141.5291325620481,172.54827578148615,220.52174881920007,211.5082919564617,164.44945081147705,7.096016441637385,8.074342945064009,5.914287504679324,6.141416878241099,187.18568888873716,saab
83.02614141034152,45.92813080313396,81.83952219296245,275.1275597525598,98.60205689511575,8.695000643380162,977.3664243452141,33.848818107927265,120.99879131171738,174.4487484419639,198.77286524952106,199.85657578037348,200.14172311848648,5.949207846069522,4.326555831706756,4.748098207729212,16.28450568047601,183.54769894563145,opel
90.04731837434656,41.606846888395765,79.54193169987211,250.0329191852242,97.97013455557712,13.635532598400575,938.3040139192345,29.16979400214028,158.60658595838652,196.98948146796494,214.42074139336384,197.4037129299589,156.31617536870334,6.66038362372522,8.390804949100598,6.212940288060542,14.848783714093464,192.82868925053796,bus
94.82644115147379,39.360245880146294,75.42939742331636,259.54279945693463,87.10047246877494,13.984084699073046,841.5041582144856,29.719909955117178,137.308576502127,204.21650111924458,212.2573870042097,244.63326804925197,172.6322875770849,1.2336995838828324,11.544869440893763,8.7446307600569,13.757712603493948,168.69269863170936,bus
84.0820580510621,47.805979127698855,88.27081776476902,257.9863520343826,96.46520858207342,9.004654953141921,862.3811452429502,33.486097544351736,158.80065962957343,196.0638841796699,213.00148724277454,217.0754126178278,177.6675158996589,8.728652488341734,9.197992683368529,7.423687938977765,12.64719126936994,185.57285213997287,van
87.83301074196363,46.24613157703566,94.66175788289722,210.4412232889472,111.81623088311156,9.869309414673246,758.3414774150637,40.573623844285216,141.22203333293368,172.17875056862266,199.33863997276464,197.8537682440326,153.25903735892157,0.2675081303008211,5.842494227510719,1.957995358247513,7.670343922716913,188.06696942029836,saab
93.45393812074393,41.428061943860186,65.03087962638624,257.4606588442447,93.147883083374,10.836638172102713,878.1270849838295,36.327921322276055,138.4623366135118,179.0187564811625,218.75617966001377,224.26412584198246,178.63645499902935,5.946943798070457,4.951942818227241,6.641813429967687,7.700544556425864,203.59584872343555,bus
100.78885641522149,49.086109824761834,94.98515232870339,227.82944314870304,115.00473042005248,9.93586389752998,763.3752702516337,39.45866306430756,134.57224811949342,169.6615535618508,173.85803311201735,217.0078578455746,184.90610394301936,4.430063885886912,9.34252492060727,5.058300339755432,11.665340791075664,181.00929460756907,saab
91.26946305135512,52.717697872561715,88.14864280399007,251.59155694227695,105.16021871843223,10.127633118773009,960.903424058302,44.04669365674172,144.7102601138885,181.38147556367576,222.72471656860648,223.11465424241786,173.44204855778304,2.6420076540862087,6.406662526651057,9.431747124397962,11.108837877915006,193.55675387688387,opel
97.40028029569655,33.34297604073224,72.53274499949167,251.62165085801647,97.8015815619785,10.782255753865453,951.6859527450526,34.10252845549033,138.09083494026274,204.60042323860466,273.01145926465693,225.53863384709658,177.19265368743436,5.2934717291236835,6.571869764035642,5.220439713614661,11.81215493476487,190.94202786628853,van
92.63133868117033,47.969835654370485,74.15116054446295,235.31533356057923,99.89356291697092,10.165545807570851,854.7527772994681,29.50745425859093,159.57537163279767,193.7132975296914,235.70090323842098,202.65592131576503,195.93398252144414,7.144890612310204,5.839994783235736,8.720452074154858,8.437094346306713,198.39925513391694,van
92.69680614520107,35.0487380046926,64.98356831327177,273.69672247389747,81.98703992084067,9.260394040841845,840.2058468982408,34.03496938152583,147.69126941245108,195.06799844559998,231.02952550479046,235.61161171248114,187.11885710131196,7.636604649705339,5.5819580847390196,5.561781097101628,9.095862724469264,196.13140457053024,bus
93.47639970310435,43.76140114404775,83.18615656936527,235.72830660185647,95.85794042222224,11.49396168020942,964.7616287520301,23.22010624593355,145.96712208089062,208.82286492599215,229.87621877829326,198.89966596911782,186.93805346690925,3.3040084312656623,10.06330754915035,10.720336261656026,8.369738710670449,182.94040905109264,van
96.92658689864419,38.92237266222177,81.54904111153478,242.80287718040162,91.00461162777233,13.355851742678539,862.4104474952408,39.00232927217191,148.00474359610828,201.95537757565776,211.83798321679558,221.99600049135816,181.9008308045593,7.3403974183932075,3.504726980343477,5.82814465336449,10.355399105499682,181.2659711103025,bus
98.34973869534839,47.273419444375065,75.262593063539,228.06752612033102,108.22125585317728,11.865976553419156,903.543442968769,41.86437142142528,162.35985124229245,175.04351247120658,216.17350588111233,209.58708517637004,170.28596542644038,8.060094883123258,7.834160996017289,10.631354910160631,7.404915359002709,181.57825192901555,opel
94.73336500700573,50.52760135663125,75.69071464995903,210.32388289933354,106.03557314037955,8.060084253653697,932.8521709582683,39.2628776891861,146.25224419181626,170.62586211563686,197.4026530172525,170.4877450723412,159.12555422123643,6.609574887054798,6.105274101677569,7.6209585540118665,8.415761812440973,197.74081282106536,opel
85.27192921835623,56.681808715778224,75.51009342241564,258.07782801272003,103.90230637564639,12.803826297325003,956.0332086490594,39.40815445183248,146.76212579321663,174.9824223883028,207.83332233510822,211.73030315236,195.9122222201969,3.385444459979259,5.20301902645431,5.66128780749941,11.827957548261619,182.93271034649905,opel
84.57971667537832,42.796072785847,72.90166289159367,243.39819616597126,99.18404226691254,9.960411310958584,969.728999274211,30.101541111889087,149.76949443914535,205.09689231224655,257.2849676939727,180.5099462590353,180.2120756017503,2.181605082045514,8.47091159022223,8.13940853885856,5.62372482240792,186.7604891578044,van
98.47492792408478,44.84502842004183,75.5613730161622,257.35020821081207,100.2712217894587,9.911277088976878,972.5481317388238,27.810369908932508,141.79121077590312,182.98334141712584,277.4214896461623,206.87045247753684,176.07670048977974,3.691673230440917,8.227941336255544,8.119810513592876,3.352532724937996,195.48358910823052,van
86.60093927460936,51.8416625993713,93.4846623436407,260.85094422748233,113.10739690942005,10.123633291979463,905.8966911363576,36.312705374719144,111.10296516378455,178.20058191493246,203.26855640772263,201.9872710696476,166.28125961385487,4.144498268472406,5.797184340556272,6.546622499170328,8.823220936430845,173.18433420897588,saab
92.99711992993383,42.61435436812448,83.91398202906008,266.56117629786615,105.27243475130736,7.5208754278395205,897.8864205976375,26.00677289883578,143.68348475486357,191.50279078522303,212.00636990534628,201.4203856525516,175.5281539355547,10.57758132176058,7.231021757916964,9.16904810367487,12.65576896259788,186.76350429157822,van
83.28889153682363,46.95701814030531,86.99822327401552,252.71849134436695,98.4503569615603,7.098144217777552,964.8731026558909,27.65153891751941,150.73336744778138,186.2997337263557,205.7879329112697,230.04472333405852,190.2100745105707,6.9506698508549825,7.532204399092812,9.201466030291183,12.372277936697587,199.62312879257763,van
79.94498616057416,49.02377750831339,79.88770206380624,228.2615478910981,99.96091009941829,8.64402758409731,858.6082892141063,42.83812560454508,136.65846673007596,197.80452751292407,213.42078985274296,179.50210201238266,168.65229527037903,7.150241497963513,8.857702492100447,3.5324658199835035,13.739212417786579,195.94544034316675,opel
96.48492336616593,41.36702390310864,83.07252027692986,274.05846041702597,74.01439452374314,12.297334914404223,837.2855288415375,28.675237191871467,156.2103066732447,206.94109403047372,202.97187131479373,218.90049968056255,181.81686545148273,4.164180908468219,7.263855933543914,6.719249882189327,15.690666526952363,213.13407698515422,bus
97.93428546900135,46.130955652010314,72.33424043954334,274.6842946507304,90.61457512848204,12.949396465759905,850.0807280405854,38.04022385475841,145.5993263026633,190.79238206318948,194.86986211441487,248.70028557417018,157.69095049177224,3.6460097230829374,7.28196539922412,6.832564080301576,11.737694013668456,187.53076714929833,bus
94.86139456723288,49.12773721282065,72.18218928940324,247.80385221210807,99.05040066475853,8.167369485311944,863.8725644886689,35.1598996527396,142.1537962250599,180.17972579368308,223.259874041052,204.40646583381837,163.6162886499102,5.401851413130492,9.306655526793778,8.035515631417681,6.6938935188593325,193.178443261413,opel
96.62041984697397,42.35326882593831,70.4204450607449,272.4401962929072,85.43056808173762,15.278233610888135,893.2991416663541,31.101882781317435,148.77100393902185,208.7284847467653,240.94635413242895,232.80495001673017,192.62402959511886,4.924858710041037,7.800962773012658,5.418201236664894,14.936668675670337,191.94380888931687,bus
88.66575641524219,44.57672497000921,85.22447986753042,284.08204156118234,95.68991330123123,11.383237150242778,1008.8592481592169,34.873920859486745,137.90801288760395,192.96289600668567,234.70908202590556,208.84098916474565,189.1390380431981,3.696637781931313,9.783726044321497,12.837555558626928,8.587734702625655,210.06411040026555,van
80.7157118587598,53.84272132851655,87.60587042602462,257.3174517716869,117.99074995415405,9.377224683950024,837.5816731788454,34.764823526334276,132.15506567205603,187.54187961032403,168.64363247045398,236.0209039307867,191.3096344368962,6.32535671537233,8.700008535939187,10.646717924072933,14.263180254016559,195.32705294374182,opel
86.96258382719387,36.76680685857939,75.65636876762936,293.78033062215104,89.42718992468748,11.71182488855677,936.8421948546217,34.757356744741514,144.74425687808005,184.14174871114815,230.9776767063473,210.91057558027757,183.15936599606414,6.390405800167999,10.391445755621731,7.665215020648395,12.180257983845491,193.39368880474507,bus
86.02905299453855,41.83647283322174,67.48461273359997,252.14339830519194,114.14535434447826,8.871607640279027,958.0649771331348,30.369507166559696,158.09264698241986,196.06617702255343,213.55305130633408,171.30071765519057,176.35479341031288,8.37845292251157,6.207264904349638,6.92404294235609,16.632069178047292,210.10379313283264,van
92.51242321079104,44.36901206707406,73.83557869084393,236.8192145022271,120.57596253995975,10.186316675399485,962.1567327569245,23.808793774763874,145.0843806098107,213.46099794514257,234.35748446132177,234.4787268847578,203.574430622413,5.0020254880417765,10.838071222734527,11.778557591007992,5.043271967939531,200.23385214658506,van
87.80736314913067,49.72685516894284,85.38644513459165,229.41654601546878,107.40658511167487,10.049548224563456,872.9602090799765,40.39605779794903,139.035206838035,190.80339770822968,167.52164314860067,185.80789402485038,169.13745546807627,5.872760269233244,0.584868612655784,7.665890885650083,4.680884110145893,189.78681180650938,saab
89.1961954651007,49.08606157112746,79.91540620455997,243.89622309038498,106.07059532930887,9.679161236049305,941.7879007483984,34.56027138598064,154.97788309417777,191.13959753021624,257.19667122934914,211.89055135176937,204.8678666939,6.07942764343927,7.031965752755831,10.225268610406603,7.797514401636958,208.0965753014824,van
87.93848149332354,45.06764459674649,69.83229479203042,273.9169051019536,104.40752346328652,12.09772014065141,958.6736928742663,38.99324359259184,139.5732620026598,195.20886488295963,240.70498669447505,243.0673994025038,195.2203926566442,3.586214864025302,6.702061380465406,4.459877822575936,13.260574628684974,193.95657207013107,bus
82.1550954489375,48.614113829001404,82.3323814707,226.8188061897092,124.53430868263817,10.071713884977276,910.3365001260054,35.979930917019296,149.62902572544138,190.36385908587025,216.1625667307301,215.52174745725128,195.60851397361313,7.2015996108454345,5.679105263984834,8.418059550636608,15.076849853801349,191.5645432792112,opel
85.00348605688137,48.02793966502375,87.44787854683081,282.1171268872665,113.78588642818741,7.224074126796757,886.2779261236789,35.389608362674046,150.81495399253413,184.38023605328098,219.0552517569613,187.14556812234574,186.15286498825043,3.8267685288804953,5.451948699274788,10.038039145061962,11.206623918541307,216.48812305740228,opel
81.41100123945513,51.48836078213513,78.54814834958924,227.8535390905817,111.05381602282742,11.167097046655739,836.1322132422553,37.07654355520826,146.5835123300539,167.36964646422933,187.9583087044787,171.98660290226906,189.37423579176883,3.984937312948463,6.2605666304814145,7.95562830584131,10.903442147167151,186.80608677909458,opel
97.86721138316223,40.7795692980782,76.89048416683279,245.77231540364062,106.73837861611122,6.441202138985559,934.9509843803389,32.95294892326465,145.56736535182097,212.888634252063,221.79351316143433,179.5533136343651,178.37555763904024,5.505319225949687,8.108103325692001,7.951427008659948,9.260286837221276,196.1886230332658,van
84.00970118390546,48.053294708473615,89.348976240915,246.6032274469261,105.44898419842104,7.084646014023134,872.915896956272,40.19637892522269,130.84972962635828,152.08707193115936,196.59552416057642,181.70598189697972,170.27346495705675,4.033401734535101,4.564721724778918,1.58490486865729,4.7795683661853845,161.64069302944904,saab
73.9854332339714,48.45228221360021,71.84812806232071,244.9509225157292,110.82494340573764,6.37062869352466,860.7834385466809,34.90465069946318,130.6908519272427,175.74887584371558,196.51112131429437,208.58746341148242,157.79279537106606,6.71221342842065,4.349805400108951,9.35756761477371,9.6913796418829,188.56477104669491,saab
88.35906975550785,41.848413897053085,73.56631171880154,241.86677806303555,102.0271864141372,12.827598194902997,893.0772008008113,32.28902011790059,171.44343347017036,194.24048976357477,236.22793108983183,199.30476183744594,175.89702233214237,8.310814226176591,7.1571540594383,4.041111553720552,11.39242731880551,197.97244273380124,bus
99.13591624518011,33.86354331705751,79.17723818888051,281.6785637065193,80.85596069815614,11.96938030165401,1002.8747734855849,32.55025050143825,157.36130721806217,200.3450564848055,228.65919650721392,190.9359828922171,193.2761119986638,3.2378633266774157,5.929366574864682,8.71602839060429,6.331052123711541,196.1053531747394,bus
81.89100680019027,49.23125672328318,74.79043423041,282.7159561227163,98.20117555364118,9.59307771783939,930.0050004945342,20.743823735999577,141.16001143253558,203.0645086296334,220.43384100355004,209.11453360310702,177.39260521739962,7.728139964277894,6.489002233732101,5.700585054205188,13.493235221605811,201.3885603243088,van
88.36172608659591,53.08338248430219,78.51134148194346,254.40448033810816,118.40103951752181,13.300621586662423,901.5006761905678,41.598394951917626,129.84688885211892,192.36619742142975,222.46022058595497,193.63638564946635,164.91233085091545,6.034550854722613,3.9836615812556446,4.565001347568268,12.904888620837651,191.93396089516636,opel
86.00869327398021,45.98264869482438,84.61673300301192,198.2562386064309,108.07420556808759,11.792246552508693,854.4599098306286,40.56445798682237,133.21652659591587,163.84753463623187,187.54772200081362,188.988612188295,190.92652859753446,5.158123145389341,5.184821310680609,6.501028407511194,12.171177034069732,171.39976423689404,saab
86.86057855809047,53.35407803432509,80.14453655420363,246.76946210624223,103.37660834772618,11.215646564833602,823.0356920394865,39.97799012712129,148.97075306412628,174.8660331922394,187.32107328064393,220.3559193807192,164.46377918883812,7.184110822877603,8.898332140476322,5.616877194612453,9.829197407205145,200.21564124624615,opel
84.74023922988307,44.589709645014004,81.85101811524012,223.6483682644462,106.17608666890291,7.97240049458393,968.1649400149785,36.69794634802025,148.01870413541087,197.44010234075733,206.20037153005845,194.8064407298494,164.61302548426514,4.166416697723316,5.3931810804151255,7.831326745077212,11.18403099272259,199.31672326620912,opel
96.46536236649341,41.967676686026024,75.33434947373216,262.2459688012803,106.70699763824582,12.340832444750976,819.2434092047246,38.587357263462124,153.25098264667633,192.48461113955506,238.43603003954505,198.91368480680015,190.01264625867347,5.378959642442162,7.104516980994966,7.078894096481479,13.61288970884964,189.1509234658223,bus
86.3625195052348,41.13537310651833,78.40637263828337,241.194815912272,109.52868683818781,11.066414635798624,918.592813041541,27.445656699419878,145.2344857678076,203.35968173440577,229.6818937373532,195.65636198555057,194.08355087991083,6.284755825020932,11.70408008962734,11.805116410459119,13.320323555872985,203.3237683351961,van
83.35812370291599,50.95057062519984,87.35018809606284,247.375966766111,112.25078677991661,11.225736741414256,826.2232776632322,41.32245304436162,123.28082689535009,187.70088025254898,191.40017182770322,202.61040610632605,139.79262865578383,6.6458523206710645,3.6517152550377707,4.229347135563879,12.510577002211685,196.93242275141432,saab
79.0622341661248,53.20472705595273,88.21833531308546,219.8461174322058,101.62462599914475,6.771923676901178,818.538311830629,41.59011102629262,136.7275678719942,177.6880493443923,207.25086182185922,220.0746957243947,157.93457747356075,2.947218269778644,8.517772411485643,6.834894068821599,7.695795095627426,202.48135572524285,saab
96.57123666297637,33.92252013618395,83.87966483334016,259.20480639381276,101.52093772359578,12.244595006064568,936.7438893024909,39.868634083301984,150.00844474944458,193.2414559556793,201.51533711463392,223.19525591918995,192.25814976782058,4.740965506273119,4.315744503029769,7.641571451865368,14.43239593677513,202.00700612120585,bus
92.16851135198614,42.76057596684445,69.46700805493424,289.6864479695317,86.0499473347095,14.780415098034627,961.3466611942154,33.76316369180054,131.9117960088089,199.3673855173351,214.40479663008333,254.74122223398882,183.97048930871796,6.800797176790127,4.717982980494524,7.357389433620951,11.821754456182518,200.26536683672308,bus
92.23746734125821,43.161372910908014,81.44744149044038,243.29511836263947,102.23039849908369,7.888721020402807,908.1954164890187,29.765118291581484,156.42301235011175,207.0314019723605,261.72761422411673,263.33810444640017,194.46814286535766,6.922544168635662,7.917480694699879,8.17118940788905,8.604772161396982,201.01788333707327,van
88.1045363031165,49.297332019080976,76.00746621122323,249.020699382831,91.55175360026666,10.24950419932787,998.6863115426183,23.82226460700702,159.64155884171979,214.75879150503965,229.0982554000882,280.58110375140967,192.90172862487694,7.528426406677711,8.97071981510638,7.276552327813227,9.751906764944804,191.49024919318435,van
90.53860547991225,45.15702949348334,84.46478021384999,230.46208692001463,107.24013470434346,9.893236616660873,790.3312115728343,37.73860018999562,127.96681714582493,187.9500714993842,226.46681844979875,208.81401778697273,171.77495328347302,2.896649723906644,5.7513981222430015,4.454726220693799,8.984877389329414,182.1878753771171,saab
88.05868184860968,51.6842125121917,72.96832494303136,218.97341963953443,126.8876812750679,9.939192966588802,866.9216388386733,38.75733614472066,145.21921252408373,180.3322323851696,183.03144974438038,217.2682814312322,193.27936765050717,3.065490524037868,5.100799511869992,7.729203607409664,11.883705537725492,196.71080404096887,opel
92.76742523966489,42.744205839993754,70.72292530393702,262.1332237534528,94.77920055879886,11.581352645696267,944.1554888573579,36.70877744748674,139.9185980235269,211.74492433347538,199.72208095414925,179.28267016131778,185.88476332384397,3.254077819092599,8.000480938873139,6.636993675728665,21.456170203536253,176.96137207437636,bus
96.50773671166806,43.43063849280808,69.86349704454679,301.5914429146143,76.0822897697752,10.663819092713902,873.3649580169044,32.03011765720781,137.37275221433785,193.10879609222965,237.19175773959603,193.821848258868,168.4055973138255,6.425424057722663,6.804169507114192,9.058914963196715,7.779554971507386,179.8108917490993,bus
90.71680765102914,47.40612319992345,94.67786902355833,233.3646108236739,117.01284703873743,6.798504138722865,781.766183704973,36.090543530065155,111.80948984697451,177.16554738378207,197.32744540546457,189.8455087682741,134.25856471890404,1.3990995421561725,6.035664509059515,6.347847023950305,6.669413704135824,186.31551640177494,saab
98.12833673882503,40.462698537171434,90.44015881949916,280.14548062214595,89.48689322725606,11.68294085394606,867.7017910437733,34.16753257090984,151.1577114977114,199.97743089091395,188.28033375524083,189.07766671500212,156.9538745045687,5.092005494506548,6.633699057893411,6.755885735757445,13.042684841410656,183.7394603908895,bus
95.40681163287653,40.083265608798335,78.42351951388098,216.15458336713343,93.79300141466813,6.962060438373371,1019.54861790007,28.424053275027518,135.73981882879548,205.99103331863594,263.82181366292383,200.8028147536972,210.61916901364833,6.194868220594606,6.005543425122448,8.950517209434622,11.256113734877104,194.07297177042892,van
86.39460285270377,42.63547986937716,82.47997513146149,293.8063001457739,98.27161255681365,10.190646575785328,910.6205826457688,45.10014808450986,145.62958256713972,177.2003386719347,220.13272909818005,183.92159311521158,180.8271848663423,7.224121360066315,7.034439165461121,5.53747805334591,8.942196488151147,197.19829002671025,opel
94.31769505398255,46.50776532934434,86.35354105289393,252.7579663251985,90.72044824646514,13.961301835024287,870.967330897714,35.1767837795374,109.81695713797822,187.00497063158164,209.9410917733481,208.41945565062935,179.74848485223004,6.119623523861522,6.639728791180297,5.521726881538593,9.942563163240056,196.7096706978516,opel
81.53097791049089,49.60511642217731,82.51930777916922,245.6271623961303,108.17685952987333,6.588924105443078,855.8330875584752,38.31367075423883,123.99493364586037,161.61276293864427,209.78423649328602,226.08564883222053,155.4837149067935,7.36153142677638,6.438408375267177,6.4541261062882995,9.973097922731402,183.46191222118964,saab
87.04570461387996,46.04798872798823,82.66912055937111,232.15520110905086,120.43970151032335,7.273648882534368,792.5129272316053,35.9373470764807,118.14078400813145,162.20352151650758,178.83707137411176,191.92998608860432,168.64635677839516,7.207732134535732,6.982548041452565,8.224093684206412,5.526861228176192,177.30292900762146,saab
96.7281208094822,46.05336388910356,78.4079237593937,221.46857494338852,108.26538359822285,7.514833927420413,812.344133468971,50.2910095569779,129.1880681586453,169.04694302306018,194.04101270373553,151.4890244602486,160.37876314964848,3.859940446383911,6.037998164519742,3.4056714072685565,8.96833069535744,194.95302900529222,saab
87.02912043336907,50.33946183344442,90.38078399219941,238.56705827542896,127.37442133917281,5.1611336069099805,814.7341638042076,34.03900990680381,130.92743065779553,173.17415121587558,224.20332190730636,210.2780581715129,182.62448383647612,6.931671957205927,5.442687332241381,9.919367963911766,10.75113425947185,193.58373231972126,saab
86.731451324668,55.420474292141385,81.51950201050545,245.43881181881082,110.88981956132102,11.748271648300218,908.7280858768357,42.682715154826,125.61838855664541,167.10617910896607,225.62017909214302,193.86813850643236,147.86176983961658,4.354510894553315,6.166616026408529,4.023483574353935,14.627259194042013,193.6395148089481,opel
91.40077895802645,46.34406726458141,79.50832274023074,279.8663580176178,84.54412601601761,10.885016429984333,919.733576491149,36.63927462771405,141.0835143257821,215.2360621922964,225.42990621651296,225.2158417705519,190.74483477111391,1.1812878249854144,4.289104993775421,5.352129026056001,13.139302908122687,190.5405628613884,bus
88.83169432975328,48.13548219774098,87.30174729382583,215.15160652335177,115.52038447619361,8.277131607299376,846.6108802855855,38.62231787692256,121.40094437494818,172.32652514061834,183.28346309698958,176.66164397257114,173.78059520995646,4.780690301765081,1.8648297641324838,4.0890530487653685,15.53219495461764,197.66270708058687,opel
97.36916460455893,44.71776048288515,84.17730191676368,283.1708854534566,81.68075258299575,12.8738763394927,859.487378149281,26.39273839468278,141.96273971223334,212.3889966379758,232.13701186431342,220.06330476075962,172.09422483830747,5.3694209495621665,4.430831468600061,7.562018500563613,8.16290779134064,218.49075786700757,bus
87.89454909034568,53.0616086240534,74.97311701122791,187.46333024401468,115.42375976717223,7.60385273970128,995.7054607884181,40.05368194155384,118.21427215229826,159.89453949630504,223.25296117372386,179.70301543383795,173.38682051128282,4.142841665162186,6.18936277894146,8.337445588462472,4.514407238090533,201.82647594013298,saab
90.92094857517282,40.4811825268476,73.36365858151397,260.2112111496356,98.4052351680609,10.907511103495034,945.1967420543098,37.83285769302623,143.65720837813697,214.95667489783963,194.8299017864933,213.76471600279743,200.57568276528974,6.277320337286205,3.8048016608091357,7.993747181015194,14.30651902790669,197.43657223702715,bus
89.93584439832789,44.12986104220459,74.9521641521003,276.9516341072334,89.28211444570219,11.141188917749494,924.5487475819126,33.71071812315464,151.38051101440757,178.56811188845833,215.39198571588466,243.20918290407008,177.031785580886,6.167088606023775,9.799189290291586,9.623967477147893,13.96492675266507,190.8489971103663,bus
76.3887153302124,46.53246166046613,74.04605202601235,252.87132089857226,119.52423714974141,7.084630876641844,859.5725357978677,37.8686549248803,122.91221797278502,170.78517002833638,213.1969922420913,200.24033148716953,173.72817657678482,6.9823328085603595,5.300229301753994,7.797453548027288,11.905496407874628,192.83660474226707,saab
96.71809144784231,32.19164880190999,71.02425744632492,284.0061975881798,104.38149221479618,17.159418675308636,959.8315743322826,42.599527739580864,151.2157188985605,191.42554577189574,227.81391841856288,232.0905045413323,196.52310824947605,4.17701371087564,5.948240648209592,7.001365637914965,10.157030567711116,174.9254313925499,bus
83.92204114390425,39.93996624197164,94.66205591257827,256.41817042338215,100.39730105565536,9.374137875953199,841.8709285251476,41.209331111537864,132.9835332120354,192.9599767063979,233.14843891987653,208.5567572107209,205.49671222597675,5.482157952811627,6.308692686788662,6.050086590957245,13.13313830763591,192.63537955156818,opel
88.67759001395898,43.79471274304308,72.9550065003895,230.2106600931602,105.18708100124945,7.166722613272906,822.0232224774755,38.84552261858386,148.56030371565714,178.01397844646516,197.86349316427203,205.2141232394255,166.3189072694627,7.437330421577842,5.392938077145816,8.431834280971131,8.409204821804547,189.67400761564514,opel
91.07333390066451,50.57701408912816,84.63490287998243,233.9535113390849,125.85976360135142,7.746671945304673,915.0551031512047,36.42473427767355,139.49296498375315,175.32264810771252,193.056770351631,127.48841799644799,162.33110813195708,-0.24805415175770218,10.062317426146462,8.345935398328532,3.939369145880841,181.33282331423968,saab
92.07420331412777,49.41122899692795,83.70399147056132,225.00212528375909,114.8555408670931,7.567162576723257,866.2172855597462,42.15284642196903,131.82914563620255,163.75799903053021,176.4593673709386,177.67104460095203,187.6401647779656,5.358762746023812,3.7448180975824736,4.896968539794039,10.53220664882182,178.7002996814431,saab
86.66040730708406,44.4908180429116,69.8749179605636,196.48839100751812,108.70350318370541,8.047960038031185,796.4666796904911,44.121755142547165,132.51003543150148,174.39845500594873,189.1395610722842,212.9660509937807,148.55413635454443,5.815704769819741,5.525375531609564,5.376584815065571,6.348231150514964,181.5002991964871,saab
94.47352826887516,44.07572209016928,84.3857538582573,218.01210475611379,110.02032584823385,8.696649755687169,921.2958711456365,30.003022029818382,149.36726040103085,191.0197277367554,254.30348780256116,209.3696297334379,207.5161288829167,5.30979180636162,10.145859229014693,9.620520088750668,6.527752629353699,199.83945960751413,van
87.1175393701102,51.73424984076752,90.97249114269685,246.16719099331416,111.47970069873669,5.853619451865901,920.2823798753982,46.49411684356723,118.86935898812823,177.26304207745133,196.2685349388927,180.41125902304702,151.65874581892737,4.484900361271639,5.854355134819316,5.85504456081193,13.435541635720629,171.66782946049005,saab
100.44475298483682,37.20109796802966,73.89058718134207,249.57534365738573,89.49925497680383,14.656388283698115,949.2864997839931,34.894376972164295,152.84604287898023,177.23764767101682,175.0622133203079,246.25777537016396,195.39084132675288,6.064012397643886,4.8452478460304835,6.699359079456256,14.088503991477868,197.33848025789598,bus
89.24503211288848,35.90244943466284,80.55706528518985,289.6538196789103,86.43053253428177,10.614189604408185,961.9141535716818,39.75071755384626,134.27256974260195,200.57691060725125,201.56280373749374,221.2261734688577,175.44038379456808,6.144780622351352,5.07058914849857,9.662678123976807,10.806960919156188,197.0636177132545,bus
86.2576690431901,52.86466310712902,80.86491798904648,255.91374040244773,106.15224721583381,10.337928963436365,921.2350870393049,41.44364041816585,140.49592476074383,187.40333422556478,216.14618707472675,221.8195805523893,178.9889666286835,5.123576540459297,9.582104465404868,9.175213970397907,9.44412499620685,202.8591841150672,opel
96.25039666208777,47.311914094558226,83.52357448078506,212.93963034204862,94.32455074137219,10.16597483762502,836.6973952925358,26.887620856669145,144.87411203021492,217.4094148659699,258.5618122198216,233.59884260076927,183.24619918332593,4.038423983172882,8.386812734379435,6.869482521579193,9.030497002892545,207.41319816907915,van
80.70106664041,52.177544207506315,83.21965732634477,220.76475158453596,101.81126368868993,11.430131211183276,936.9140722444789,42.114794863559595,141.53393797458958,169.6990492351051,202.96973246482202,203.59046603074924,199.48117905856844,1.463472980997028,6.798813789243585,7.451683668074614,10.775656110046075,180.57518101881578,opel
89.33637250891549,38.82025061329296,79.78201635174595,258.0047171105355,103.42251516122323,7.30364590914502,984.2081604304477,28.547473412731687,146.84918072091077,196.6068881286184,273.3451368349907,225.70370164620752,194.16328770240298,5.809317817606635,5.333703983045583,9.951646674577127,6.021213514152529,194.01720665802154,van
98.39798874467338,42.4566668001737,66.54923222181864,244.39391202658211,89.213282985642,10.712963539239714,916.2898158291083,33.104642611716336,150.4711911517521,179.77640813782108,210.1619510498759,253.08273179146013,209.47785348633664,2.6362517491583977,9.933081718557206,7.928739727093149,7.728952089348231,194.08293975854875,bus
85.20164938060113,36.073965395808195,74.69857134330518,257.769643940161,80.73308248645967,13.267553761864196,933.659067563498,30.998674701577702,143.94051645695865,204.873345165891,236.59464835758348,193.20733925315224,153.189497710474,7.097414252833127,6.668737179364736,11.607277504209577,13.442724278246686,196.89328307292374,bus
90.63719325929998,50.82205354424099,84.40923181431523,255.9932903069515,109.55015756271558,9.882479644340542,862.7616710063172,40.48373358245597,131.48295851781765,183.58736143996617,240.94621966175356,200.58303824650025,190.9164698351001,5.78096858774867,9.998024136467098,9.956367871278005,16.66944171168153,192.81644709018255,opel
93.7429755993049,48.255923440790966,82.59330014455553,247.3163957864615,103.00364686101803,12.372290948084597,866.2765269773378,28.53887656718446,144.1420727655131,190.49046616905528,216.63644344299598,215.8275796963189,190.22541625430645,5.324369811617194,10.876338402291404,8.1826294572227,12.99465296791519,193.6315478572961,van
81.15161291137149,48.83135852443307,73.9493076047159,251.24662699238246,89.20181544495016,10.095650639569365,1012.614183097832,26.32792375344414,140.971910730372,204.57213063692515,229.46889733726596,202.24740334673507,202.77386568839796,3.1421907869765464,6.842096485302154,7.021687649631568,9.734880137420811,202.11879178828883,van
83.40050914776923,41.07911149541806,76.02286452642402,233.68072097294603,107.78332862496707,5.089827772163701,980.1473542038143,36.84031538789994,129.27405473593848,174.62593621096187,212.67357676475245,185.64882721599895,201.5437609942162,3.366773940358027,4.507341044503151,8.719390102595531,11.081031662905719,191.82482637104252,opel
84.14500493590636,47.90552808232618,68.4847989112981,258.1752695624872,105.81286174952008,7.88236741652641,872.5785299467907,44.596765293337846,138.25672315207612,180.9417646917364,191.50576239197656,198.26907678638796,182.69857373501068,5.133177653805843,7.402095328563389,7.064230910864641,7.610554909206311,200.81013347165202,opel
83.63786549534564,49.0985940598232,83.86843102511507,250.90920480964505,103.62410664948898,9.313797412639294,824.3436376817858,40.48316093000444,127.91794742010035,166.49217251371846,198.49945999206398,209.68851705619335,152.57373049735384,2.3639956305165075,6.32358308120544,8.590297088390686,6.799825887257646,174.14826321664256,saab
95.86590462925591,31.8430712889596,59.094181149641926,270.928730963123,88.79955530373978,15.652019427093872,914.9376454182843,38.67661669444001,148.26744764602321,191.129002975256,202.09307355273953,268.86067327960995,170.55901152073082,7.7108856022109915,10.424080568035786,4.051735735915789,13.659447469137628,206.78512689798424,bus
87.78866000782604,47.993941988207816,80.65047861438687,263.1750966901974,119.25619290161178,12.664239215154602,908.5765348450371,32.63611185607488,138.19203420965547,185.51126604086957,218.30622954480668,226.02193386931242,157.08160730010889,5.082161728189508,4.734785418957492,10.842474834179225,12.082581828697043,190.41358973956898,opel
87.67844774940377,48.06013570216716,86.9616763656568,215.55274385991493,103.78960768184234,8.457780614706412,946.6967819943974,37.01059629140435,117.29726455486605,180.1578477336065,183.74319453814547,172.7193367032137,194.13901184051198,2.5555485608160926,8.336496247882705,8.862023709738208,14.204483104627952,180.99983357925336,opel
88.54799739691784,55.02478975765473,87.37184351589599,209.97980911034372,116.63319228047634,7.764037810785244,862.1945470810225,45.26470432612009,156.323862046775,181.84714854049892,237.01562284871466,192.84032627974779,178.56653942887053,7.019047985397709,4.7528062393347215,6.339386315942567,8.407934533996007,173.36997142216555,saab
83.56667482657812,43.332708921863734,83.20620102229942,258.9310272284695,119.63650077056991,11.840542170534924,839.5868087466538,41.31110085748767,140.66215260152907,183.05960024437837,217.17482776216605,224.68913957529384,206.22431934036655,5.227042992955884,7.288104463052994,8.711470641721682,9.500112508374093,192.3136841609971,opel
81.63393613043301,49.31050486931366,70.21984814040688,250.41953746983543,104.69825640187527,6.990590278586408,862.6513273447441,41.660688602874494,133.98826828252612,175.37355258118703,220.7130810270495,194.67966608879306,168.3323844718649,6.258476360590482,4.284353585869116,4.416385092665768,10.91549927465134,191.76156231863882,opel
79.32182047621086,51.853206040936925,88.24010681033884,242.18477661779505,97.4052662581443,6.386980741948836,778.0195934600587,30.57718603949057,138.15594244596164,187.37464591733539,185.26197295536403,220.9459506785109,175.04484453981922,2.3072033884446244,5.018102100536267,6.521732349443952,8.180603568842242,186.36746502648464,saab
87.25910733250885,44.89290436325176,84.09789854288485,195.60021824887247,119.24510879582166,7.164768021787336,857.9837157661905,34.48064277559605,132.51603212188817,187.74625635275152,176.07367529767555,199.91036407246418,194.49123402689406,7.562539290802685,7.075927456421271,4.8067499117053645,6.774729847381974,175.95878987529676,opel
100.79297789503703,44.95126524789384,79.9390235037715,255.38139920116163,88.47454079389323,13.868639822478547,921.4408250165286,35.307407531835075,147.62561329001926,200.22514105265756,231.11025292684496,211.07066833143804,192.29054434126456,7.117457059767758,6.395638826034757,11.615832501232221,10.258055092338147,197.63550811954784,bus
84.3083235899181,49.441831828288386,70.07525944776322,201.60245671458142,101.78198489995897,10.828058271123975,791.5342367456766,40.39995265506221,125.78869765198915,161.84561734112737,188.05442128307504,201.84198963114764,178.54814563969285,2.8756753161305455,5.80399806643332,3.591340345642079,10.457241442366378,187.20129187487777,saab
91.59987639210755,37.69238537735039,69.06237107844852,305.9175534619104,97.98408087887722,11.395060627023744,923.3214991216763,35.5871720479422,141.72105283487082,199.62060893251896,227.34963330948608,227.45422447800536,188.86628810214125,8.822838174279447,6.817200884981771,9.704405357734288,10.76333776492659,189.90786637400865,bus
98.78607943723868,46.51574388439659,81.15254907358882,231.64489750158367,112.25074588317722,11.970433168294235,907.7689828074884,40.87224817534881,143.42504229664516,183.65396208236194,217.28852154270695,208.44287384390526,182.89893939874534,4.010179609019397,3.870291150089079,8.421548050350388,16.94981796776228,205.5343506290775,opel
86.38757929440945,48.80049010201355,94.22438038410574,217.26247051587134,111.49685680100073,12.645218450525533,861.3119044333711,43.799556272997165,142.81383398123634,167.30333590988613,198.7644787545888,185.83203273574412,172.77152975373536,3.1129568003257697,6.65382172847835,6.536333899643948,8.528290823914343,206.91638255054988,saab
88.47803772056288,44.41466666811202,80.55211057753162,242.9777320790754,104.56202883459028,7.1259860375077855,965.048575970825,38.5659158117387,123.54600163219241,182.06135379622603,211.6077007752731,199.84142825093258,170.77203526772917,4.0151117751755665,4.576463585021271,7.543164400307185,9.259508833626441,198.82652507292588,opel
94.86743062275391,37.12622311499025,76.48932351780202,315.977962472385,87.03508534331115,13.838152965975537,892.6198706850665,35.174409785489814,136.8291136893181,211.17212574968624,254.38755812414593,203.15288088695894,211.21044796873338,9.563303673077685,9.202645915471525,8.462760505149985,9.172325982624372,201.18886298023153,bus
95.32140009547732,40.85591964293689,71.86366187688576,284.1671289459871,83.96828328906659,13.11246001880132,959.3693025782376,36.120644635278424,144.80739620265607,199.0865281148067,207.86599410469407,209.5201383634139,165.96004255179952,5.723322122494033,9.752992900039075,6.346607573627272,10.446922281392355,205.35443416416945,bus
84.44076447956843,50.73930813448661,83.97292378122161,235.6047189200499,120.43867810655463,6.4433828939869935,807.2258652037209,47.05930353516695,134.62154096059677,180.91571018453098,217.77975498367286,203.11700533385797,176.45214461473057,7.010391997758079,3.1927675778563795,6.292429592755118,6.724608231207405,194.40369688623298,saab
90.9886136538919,36.711118417734276,79.6251911633218,290.63689078937267,93.16642826749927,9.793266787652254,954.4374309852093,35.30173455560637,137.5509735519355,195.14273067836433,192.3791079369245,198.63142668115998,140.13296043648916,3.439601741765075,6.845557909553909,7.32097924794696,15.00489547562568,205.7036516022993,bus
89.52517259815963,41.19974601013549,82.68436362241385,208.50719924907264,84.85790257927958,11.41406471922157,968.018435795243,27.09303238047192,145.6770482089267,184.56549056814254,279.8407327191862,209.45231359192513,191.83364506820598,7.233327952942236,9.387646907718205,9.140974661727148,9.47837853905624,186.52290769690597,van
94.40372289883992,47.66147574013132,83.52435019883607,227.39642541030634,101.91702014591198,10.59690362796288,918.2229450592222,26.55697279319272,150.31759456581452,202.45038664315405,239.95262167734384,175.47978762666466,180.61125973473096,1.9010510286606381,13.197645800149164,9.4294634550354,10.638473196009906,184.48462579031874,van
76.7163744735529,51.41747728139769,90.04798041729808,273.3559586600903,85.97944136058318,8.859079319068009,919.9324103595571,41.95133768523198,143.60280893678953,166.64983754351977,224.33759069638904,209.32911945938824,169.81516908456123,6.799658992265915,8.693707486359802,2.9129232922075285,6.791212782760667,202.17147674379314,opel
86.26097427117143,48.514970517318424,84.50096936839228,239.6506741964237,120.01877089838406,6.693725220140118,836.1832352477892,36.139143692997806,116.06182352125795,171.9253909998486,218.83238027102982,192.9282421070587,160.59423731828974,2.60863851166697,3.594656984456016,6.034857905916204,9.927835155380084,183.2760730019077,saab
80.66040911180599,48.2643769851959,82.41208425790323,219.88888057632505,99.9296908337776,6.513275478640219,919.6370088152886,38.020341584512934,119.99229298077364,186.28939109696475,208.33335598751307,176.0884934355311,181.54970369009274,7.3751836360360254,6.45898939180765,5.208105992822443,7.293998062089561,190.07696815718373,opel
98.75966516343387,39.92594745603044,77.00197263172169,243.11098977931445,99.28661429902816,13.073019687140807,988.6125798334872,33.28279110193096,143.06173861227197,180.4882430994844,181.60653687604687,235.22926070816712,169.1516353585962,5.370351073659828,4.447391166923328,6.870622789934963,12.655602127232838,189.8521732508526,bus
98.05838144420434,39.1675109985709,75.28850967996829,292.9854665257135,97.39706946330215,13.137966158370551,932.4140216921929,26.309321815943854,144.48606276411513,180.76042847549854,219.13046100372276,191.48810788750296,210.87044974641663,5.082651264541237,4.609412472801511,4.300847576896936,14.484689070553868,211.78674673372566,bus
96.73224104748488,43.801695352744204,71.93270594141289,300.95010402660125,92.77190780718394,10.77319467291812,832.1709097688297,33.067755793266244,144.90699678861387,190.35595737690613,279.7051800520682,192.38769330124947,186.16220777778292,2.8582951626311224,6.562693445129928,5.950865972465898,4.8290868975916865,197.7834863464467,bus
93.13342124247299,45.14226429613198,77.02080958710819,241.85079785416798,95.30867880888981,9.347975008366301,880.920414076821,30.37409398575444,163.9203875158709,207.07231373804277,192.99088294751277,194.34817274903733,174.1794331755112,5.070465552176545,8.043777642329669,7.295824505092238,12.76307751919298,178.37967700072562,van
87.64146826857515,47.517995767106704,82.90729732802528,275.99476583454197,104.6235316738049,9.876010517037454,917.1755335167298,46.179755192124105,138.91480005977567,170.6705152982698,192.2215038188046,178.15760180555208,154.61856620292787,8.370128690666368,8.413041546841255,5.921374152778043,6.588859595972848,187.7822313561237,opel
97.56892975456104,34.78212199798059,68.22568937269662,261.07132770898943,98.07853671474108,16.026774495053246,942.6386837561109,39.130184817366626,156.2543478441477,201.98828420202534,239.93717546931617,251.65114086958403,174.3583849635868,3.7445321878309885,4.652240071182055,5.3739712554797405,13.081943674307386,209.35087399222235,bus
88.05825853842623,49.39899126099193,74.52195823827476,267.33493473388796,118.07890280928278,7.09964907586041,880.6327232074327,40.08070568640109,143.06811397663049,186.84104990934742,231.357133545888,178.59489119971167,157.05656304645714,3.971581111273948,5.845558087235773,7.707358751782096,11.015429421625548,186.6027320184823,opel
95.14759829262997,49.72848097593508,79.60778930510087,222.50447551491266,110.74665234555397,10.236578606621416,817.4987172206198,37.283189382723435,143.25144658788273,167.2338179975534,202.01339954199577,193.50041111477347,176.34425229030947,4.966397368044519,9.870130824004223,8.869435491656985,9.394262888178815,183.83138499785042,opel
92.65262807032524,38.66199505663621,65.36132207845456,268.8610875255786,92.74180277102164,12.639563868285073,915.3703348904551,32.98090031508713,143.92697855995772,195.50887701856018,211.7306967775345,228.36680977436163,168.4270581040622,5.28717587301032,6.995192318162292,9.389184441027462,7.834372338506367,192.78486737047876,bus
84.08910273023683,55.77030871532253,67.84921514675521,232.5487543885817,105.88853978556506,8.233043962152227,955.4041425072011,36.87075183230028,139.11088351304832,180.09813740396405,196.76620258067362,210.74924173450404,175.9332120821158,6.376694074076039,4.804713272842778,7.311316595343482,15.840076787238452,186.1048286750349,opel
96.04431797502377,40.04093224407835,76.62274095467903,254.89234135293356,89.97117968727545,12.619641420454055,964.4876377041373,42.755715996233135,140.34689543219946,199.66358374446335,194.00837526144804,201.9582222281388,151.4265315001254,3.488416999683274,5.81237718386259,8.208241779177037,15.545673278879885,188.67119725115208,bus
93.42901643397366,47.89130757994205,71.66420761873405,261.1204419368458,85.80824307110296,11.387846466382516,1003.0071909335635,28.06296659227668,150.6450597286257,207.6747934455413,224.9026760685616,211.06118625865238,200.6138773296193,7.94488799583602,4.33258846474113,4.893929444320358,8.834295338526392,200.03060116738573,van
80.62900364992925,49.20374978496052,87.00379089805715,235.84297684237598,95.26464736854766,7.727155699444768,798.1835401580919,34.52214490137577,111.46267758780877,166.7067962563863,231.2470901874646,213.13568533350858,187.02152922300147,0.89794763603336,10.897173976348114,2.986155401723973,5.946151661594548,207.7409356914324,saab
97.79690521650261,41.40867973429748,71.01645412892813,261.3354345236836,114.4608680621541,10.498835375370083,932.8397036578481,33.08560717961507,165.91400367762805,193.19826523652048,225.01168026086054,208.0647979362622,190.3462098842563,4.889439006189341,7.742245242622493,7.844357127727053,3.782934454912006,226.98328835937087,van
95.77366649033905,45.05659705986303,75.5658280518606,233.7435281932687,94.87134986769316,11.253076726673886,940.2107364515709,31.225557928293657,158.29323772582862,208.0911279073138,195.60444105096298,183.9778146721731,207.80616518112635,6.800000011227133,10.207440027445193,4.6895505756211335,8.999541157090913,202.5699744558583,van
82.72414108023118,51.99475964854218,77.72405720426012,235.4336716900006,107.35180532633535,9.735610919084891,795.8405776666975,36.182245494836145,132.45235847894236,168.22988823209656,173.13581218832198,199.75750312697735,158.76782493464634,6.0659484698280615,5.884267681571318,7.2455382504551,8.976874045553268,210.0323780506949,saab
81.57779798956909,51.11192976087569,93.26885608298568,211.30812210203058,116.0255195978604,7.733442569541689,881.8435079197701,37.65322164495251,129.13837895900505,171.80167735871922,194.30408886705135,168.72944403292013,167.57534308282084,8.003844918496721,3.098174142811975,7.02704273850947,4.377726575053913,189.73217065811983,saab
85.51270719908761,43.13928011718632,82.22286228571372,225.6398873775775,126.32107108797535,8.643169080745512,816.3230176051378,38.197038890788996,125.20646057343916,170.4025860493696,166.55190948375295,179.29364159473522,175.04394426778842,0.5246276035093134,4.107372354504407,10.60334970410155,9.465738156174838,182.32996238232968,saab
84.34599703136521,52.13478099202477,74.77134553463173,210.5567556411335,109.94349676359336,10.632014839436996,779.5886615846275,30.03535436739416,122.85958256222546,174.49919401143532,180.173312155315,262.55536482578725,174.93023524244725,3.431624235690443,5.074167241027346,6.4916384436327785,7.341747638801034,196.60082512398614,saab
91.3462783594931,49.381401173756664,85.11727506878908,258.67267217635754,110.05238926243631,6.8651054375432965,877.4787158032221,40.01433040733113,132.34928125088115,188.15821840016224,217.99122753476615,177.77113141071428,168.1925387915096,3.9553829221751378,2.9936898608007962,9.270014331462837,9.503074604578684,181.31196734811132,saab
89.84845340022679,44.787572793212355,81.49728913758847,214.0871365473997,106.70264428183584,9.633398580947606,969.9024108254631,30.54638958235501,161.67120788003297,194.49412932999294,227.39501409991126,209.17417276430677,197.7421605937957,5.213124207450899,7.902340328132594,6.21691302029099,12.332788185376817,179.89783345433938,van
86.92483208023818,46.93755537187925,86.49336381479954,233.1429156740507,118.12313862940178,6.716357192111317,828.0575004760914,41.99244798257816,152.99969124386473,180.12543628399402,203.2784812718686,210.51350599231378,159.97462754013668,0.688721279659835,6.154727460568194,6.891895554250606,4.3889219966162125,183.66609677888377,saab
89.0223253240807,45.87720934880174,83.04212163281214,236.2656931399341,96.72159004965174,11.457037287029072,949.1052511495825,27.723407205309865,149.1291527385685,201.24175684744614,259.94118712907283,209.80671157373305,182.74512043843646,7.398928493791404,9.89062354247173,7.522494795873131,9.30317949160158,209.55703971113866,van
95.40115104208815,44.0747962282812,77.74619800540678,232.61426026022713,101.29358821363802,8.3782121275995,920.0089303041469,25.46631592682951,149.54877109675948,193.915060962688,197.86221770747838,229.35588938006853,205.70914612839195,5.853785395982123,9.426532501593085,11.305826102460843,12.364874969908012,193.41617282059553,van
96.25246425172938,47.504683356863545,84.55911975983638,239.68511770005537,97.33062139761985,11.325828057763921,914.6778966083315,38.58015325630446,145.00207064918197,185.1883446886032,223.50422837817024,199.8343586222482,170.72122309966647,0.9483842537772462,6.090904562513112,7.615225336378392,10.20907713983678,191.57121138442437,bus
89.1576424010876,44.64550530560188,80.338245434637,268.89700574519617,94.72502419592641,9.321124236594839,841.5616585719654,36.9791754622415,128.41920620358638,180.3580260003584,208.95034635378573,214.328604073148,187.34292227442245,6.266133094994455,9.211186290578969,8.064232268372763,9.536392735778614,187.42687093443297,opel
84.48093757798516,49.80493739262754,88.7873461418307,257.11610678863,114.01520186960538,8.895392532790023,975.1585895452855,32.03543940418133,133.36075412505346,177.84566790474526,229.48964014756513,184.0152269337485,174.13094351214812,2.3154085664598627,7.23681443148827,7.712096189551025,11.101786191831382,181.9436794521432,saab
80.60663201844851,44.73684909932571,81.69051245670653,242.14571732193158,86.489124035145,8.020111958052075,939.7970953717654,36.09592900960423,151.5672849071212,180.38084505719493,164.01284607525878,238.9460845777935,165.9429522985437,5.220937511772272,10.127922673719407,7.659917575680869,8.492180671500474,196.89811254794014,opel
72.45521410752463,47.0340070003491,84.15002420876654,208.036272324437,98.22116750791378,6.087728594082922,891.1711592281156,39.50112736705405,130.2250038824544,176.43428937037325,221.785444938622,217.23906721720817,142.80908052390285,6.6142708463014275,10.879748933971003,6.113015348858535,11.27116800545825,193.54437751140557,saab
89.97322041678333,45.45520623519148,85.87627206057239,255.28316599863788,86.0329170135485,11.05576778286682,845.0763120893427,47.27006492478742,138.47672894622295,177.3718317670294,264.0173293909919,209.41142918800594,188.2249097709616,3.703170382082375,5.647897823422825,7.022336019012656,11.869433586699857,188.59279228467918,opel
85.40638583795534,45.34134660595042,86.13178648940789,208.08258378402564,102.59069389213434,10.31316330318848,853.1691696318859,44.78650848330897,129.1298477668186,183.0485593818008,199.2915971861698,145.44987762741965,149.2902174483479,2.7459442963392107,5.654373296213187,4.162767082953935,10.467702040650106,173.87813698721442,saab
88.39771693457863,36.96346935378521,77.82881014281597,258.9555391143806,89.35426735913134,11.573114258139585,873.5473661326853,36.068506604045936,146.52354872033723,177.74193271209404,175.6139925450493,213.52104868783215,194.03177480588727,6.558698007810665,4.326549122248139,5.16735816185316,9.682293753731278,194.90711438432183,bus
88.81524644560959,37.89697991327696,70.25715326732814,279.4283111277281,95.86112061772464,14.437523703394634,821.8727071556729,28.663456227978042,139.75911602065406,199.62591292853952,221.71786012586662,211.98324576866608,207.7459108288036,7.499237810593334,7.350573557867848,9.905233490972359,10.951682018349132,199.91505647246782,bus
85.65559662337573,49.10691364626676,92.23921434072581,234.59848690835875,113.8778771837514,7.530841940761625,726.1603966561456,39.68564642834257,125.39607667343344,155.50409827273967,200.65726747960426,200.04067959869755,160.91014930872632,6.47547621149845,4.8459911205455946,4.7274863300279275,6.890530613232559,191.46083241211855,saab
83.73216857648697,50.98823531129649,81.62141468227392,268.1886884810182,101.80242807331207,11.33439196671819,848.6749891978336,36.2412719643262,135.7330673010128,194.7298357762983,217.72452128209164,206.0200246783695,204.20588716830272,6.3479303034201,4.724799590071529,7.704023182181729,10.22979858955984,202.53310279641872,opel
87.95564533855213,44.127948141642875,75.95222659051817,265.69833569750165,97.9551483217468,7.423381470450073,972.8925075645333,42.88960864660201,129.5849254108847,186.64552414394183,204.42670457150825,184.7568307394756,176.07173448422304,7.512442688882718,2.4334390849455394,9.369968895200632,10.995284577880417,174.8625642587076,opel
85.73237805826659,48.871037632307086,74.15022802900292,190.41962613020576,120.19417806987497,5.76534598213753,785.1975653588036,43.84245293001394,123.1984763424818,166.35569686326463,199.14351241848962,204.19274636149632,152.85586180425176,7.458601732089512,4.573378199439577,5.678190123446803,10.656373754189529,204.7257990444693,saab
102.2103482646394,45.22345575937799,95.29405825230633,251.69036951630653,99.92654117291889,8.750979089822845,917.5317590193059,33.45017393846068,139.18085631286868,215.5124526642773,250.36437900890823,184.91678026008793,155.880684531907,4.766449276960585,10.911200958514597,7.650704108636744,9.659223514894107,220.52073311421935,van
89.05333884286318,45.07737628324702,74.3632205480841,265.41500419237576,95.18444446451858,12.69029524090483,938.2537864239513,26.46512343723575,158.42513896455006,179.50485483811676,278.66719495428714,181.85825610431965,189.4512994018473,8.967487820407413,9.154144367670279,6.5865864632539886,6.987761101134918,202.01999010757322,van
94.02106432638666,45.784963762666884,85.54105169628421,245.90246672270567,106.86319060233075,11.904923941072338,972.6033919129835,34.3767181900859,144.3030103707427,185.9302253789601,230.0172209705927,214.64189275857075,216.63236273860073,6.587898775886324,8.668654109107006,9.566319775554021,11.883041253623423,212.42862562858315,van
97.36618812286773,43.88628380381742,71.55802795871858,272.9342737286665,88.04674691767481,15.423416960284687,916.1539636558015,30.889299436296167,130.5614518386646,183.99845767028305,167.28504521966244,196.46603382305378,147.67508969880515,4.243984201963565,5.996431614376936,8.04255981002763,13.704309615385938,200.58336423211705,bus
87.9907446860386,42.07738605696469,69.12741770530616,269.3063022522644,93.81632661778497,14.171791131663156,923.4387128037512,28.98111850387599,132.60741605146526,203.868873900973,248.87264006937627,239.6174902630947,176.4447295037948,3.095367238522406,5.771754869983368,9.38341499421413,11.724465706995135,195.8611086825898,bus
92.97001394184423,49.751809051919025,81.06283659941683,253.98900181213082,105.14494782100697,7.562914586441919,909.2906491777328,35.96922891927964,136.52828352151565,177.8549743317578,246.68862666280177,233.25554578358938,138.17376973180765,6.576997894702039,10.80353141740309,8.524127747725196,12.551000907541805,194.82828160118703,opel
80.08990251394547,50.64107542967031,84.99026969821972,254.43609369953404,106.39705446994665,7.687447326589914,888.5025054458793,34.74320188150756,130.37563351381112,187.22807922133407,197.72350455385046,210.6693129664947,185.12623954914488,-2.067978724290538,7.285434305262967,5.654747293983044,3.6205394926375485,196.08674419955724,saab
95.92316929266153,36.6411126312769,79.35459974339216,298.4100849597971,89.70222210792127,9.580610514317785,885.9336221440893,32.16637293235815,127.30924095110882,201.79373282956504,214.90088412892604,250.1095139663098,186.40058561414978,5.567502047323003,10.794577389546223,8.866256144682138,13.16493601627035,190.15826048751262,bus
94.18435946759112,48.67761229964828,85.83842504019337,263.04427326137335,81.369412116795,8.023384426577017,792.9117943808349,32.366274038526555,131.09661876656097,182.66521649978202,181.0520781588212,184.5063188467231,189.06902389393233,6.564932043749348,3.00590512676405,9.022194011173982,8.817605580637162,199.15864629571146,opel
95.76862552972764,46.009428208384115,62.55965860555111,282.9096836228215,90.12463238065175,16.314616426531007,957.4222854598378,40.569861200257314,133.6116688221923,192.06033052335818,233.02272483647315,213.09071505821854,187.3545944145265,5.159195724752073,7.950861365053247,9.505685268854968,9.676155089944254,213.68817840543852,bus
81.56633802216324,48.304665847174064,83.93699130931142,222.00458977113885,113.25478108111827,9.37354814100671,925.3073620387473,40.55454011412181,128.47981094367302,169.32192157815894,208.6594585608727,209.16532439314798,171.41104761787287,4.599589748326328,7.441278462714534,7.886386606955588,8.855040963796966,199.2326492106566,saab
91.01539096001555,47.337256665741236,69.8559702343613,257.96294530245075,96.7001679048965,14.165320644219594,942.7560719026056,34.895423674170374,138.37934179743718,198.7173651951617,226.9409968833584,184.28000586967013,176.8495437157106,7.666358862540363,10.203475723572417,6.7144472342001045,2.8117531350087512,186.47134111035962,van
98.10141448208859,47.621615319400945,82.91710874937164,260.76869914432905,110.32606739297943,4.936461367498373,861.5474848130301,36.493026762112216,147.34439487481458,189.95709436505746,235.2438592514812,188.50677921134275,218.46830938988057,5.6318262659681615,3.8632485691379355,8.654144749755691,7.333420905892976,194.43282102142837,van
89.58586204596541,42.43333271947847,77.76039052435212,238.51798649432803,82.00454036639388,8.978021659608546,926.4898330607344,31.057019054429357,135.87274241099445,198.0669577355203,264.61405809968943,178.571600033234,186.61289876385936,9.489722813246987,8.586704072645967,8.476342612279257,12.90086993603445,191.3557329466428,van
102.0139715546805,36.69107622579071,73.38075038823978,254.64404869791744,89.62463536896652,11.981762006711593,869.889396981911,34.66757770948522,151.35418030209226,198.6363188262497,210.13754355200456,205.29388329264265,190.2875745253532,7.557731626626786,7.291042395536482,6.69951402240348,7.502952118624796,206.277802506339,bus
97.41236207621593,48.24299169952795,74.85524947733998,297.64317982075056,93.37536603388227,11.11343549761698,852.3335695870644,32.805100369036154,140.49810735148588,203.38940500469613,227.79228354741807,226.9005893167113,191.7382808192755,6.330833647383558,5.745373108097394,6.258834475198435,12.574732188582269,202.97843779895766,bus
100.41525621587638,39.77780920441352,68.33654492720503,301.5490655952695,82.06886120434955,15.123022393453706,993.6648888108773,38.24323309263913,129.46241233983935,200.75205016106565,214.00646703986425,204.0091945080893,202.38611097433846,6.752911291005871,8.005489614981629,11.084152080287488,5.804750861231039,208.55572935710347,bus
94.088403761197,47.30945410042665,78.76623287814051,247.50226229299867,105.15676345932141,9.738148389747748,932.4610897199223,34.68724057309538,156.83212404001068,187.10519412790313,204.59037724447845,224.63796138468763,178.65993970815092,7.479888102758633,8.119383761159472,4.376021324875891,10.806437069236463,205.35458747409635,van
91.49359640649233,42.64355146887549,80.58687975855985,245.579150729259,92.56966334838033,9.926820051314138,912.7416114841325,36.69376754249194,151.32497143495647,195.62262677595675,275.96960174276234,195.42081499933676,200.30857675592932,6.612269106205511,7.796026690812644,7.612780977928984,12.777030273141609,208.31498866931662,van
82.31623648748767,42.69432169466062,88.1066845399203,249.78265725930055,100.82286862345867,10.733628086570885,917.1432518860971,31.39969486099757,140.7411009610885,189.9213208677787,211.52083775604785,217.9798431500339,202.9515592028482,4.418458161829292,5.948070365038444,12.15555517039689,12.7422314926721,194.05496304050993,van
81.37583472148683,45.656196925144755,84.75685035381406,240.44135401873726,120.78019818437524,3.6400310280710624,895.0965842559352,30.482132144215335,131.35732135041417,176.31667289960825,190.43851474672894,201.97648090032862,189.36632170312276,2.702319760768273,8.522861248121787,9.793195692446355,9.830713591650706,188.3621547039013,opel
82.07073835380565,43.51212752020234,82.98322841041873,233.6679311419385,104.2157514297617,5.04136041029461,849.3373092674964,40.027210378209894,137.69406935769246,190.4166673308335,197.57681513109543,206.22078130736156,159.91626473464368,3.050231390721917,6.291580476669102,9.050269209115163,10.073714626419852,182.0347158338144,opel
91.93008645407104,41.98340587620808,86.93266508369688,261.80488567316127,122.18591361566112,8.374845149210618,893.0812631790385,37.794420291229905,138.89360738596238,176.70603544037456,205.1636417494204,170.44455784493366,175.94252633688825,6.480156731410573,4.106234066478594,9.563956724753371,9.145903778281827,175.80310134483375,opel
92.48262172941901,40.896369927241665,83.13382715282971,269.0107258069513,86.5750787122727,12.02070523968676,889.8163124911517,36.276698041676724,146.83849544753696,207.35782191822153,226.8010258913778,208.29724437657097,214.8091399884621,7.366987333779855,5.3900670382948785,8.206189369897666,12.672704233605876,188.50173114502564,bus
89.52858800248683,50.08940221986546,87.05335347654608,206.04084075318676,110.50961887812616,8.091921872097867,871.6917620044438,42.777305524597196,126.29068896392332,169.4720908245482,193.45853138272426,180.543304096435,190.54802335042865,1.13777171445749,7.693542218016489,7.851932259704459,13.060354684428354,191.8776384856177,saab
80.84765990437771,41.575320637353,85.56947414806595,270.67762109848417,95.54295541942216,9.663230155054295,901.0705805005673,32.981442896311506,156.19032946588533,199.78143252557877,221.86194250555877,164.284455110101,179.44125511876683,6.434415875056802,10.783841775359837,8.441261608614326,11.348300547841786,192.49589872245343,van
84.64394462433056,44.029363938193676,78.79136646365318,227.12255977783295,106.39058820195879,10.84617458490026,922.3964376677641,39.82030230288148,141.67819568443866,180.98526024905388,225.1546822841981,202.01607740919547,169.89791440804584,3.063900408900608,4.777752467168449,7.6132395739638445,9.981992466751818,201.12602314029743,opel
82.3582433124461,47.92127698268692,85.28515918261373,251.33215665670178,98.8650437990567,10.618621807862601,856.753849281764,33.77491836900757,131.8040001989631,179.9608749070492,215.26530975150794,184.484280213748,181.24458116872475,2.912158039502033,5.880691638349676,9.283661855472467,17.694489005607398,194.71211475279972,opel
80.36439602332122,51.425839252595146,87.4536249813316,271.1725603414017,96.45580499287058,9.88456327666062,979.6691750291207,46.83218419017419,141.30149949391938,155.8463673792147,216.94726807032248,133.84200095005224,174.73517318292826,3.65556225489519,5.005712906428627,7.976026972752019,12.372829225821118,192.5547991876538,opel
95.40937069693162,39.571878560181766,78.69561364166559,258.89600946613604,94.51127296041888,13.992095371611633,970.6110277707714,28.2662472311162,139.86786433528414,201.8356932320048,218.72950850769288,239.9378343106944,177.06001831327444,5.677105752571828,5.37519530212516,3.4578628938238176,7.78331083843114,199.9298645851446,bus
79.09769757383958,46.0458839685364,78.09264005495713,229.30116999082733,109.76946718729101,9.088919739054925,825.8007830199723,38.55507922834251,135.00112829620866,169.38949147977732,208.17221495127833,190.0584112638456,183.70567478513885,3.8403016930244083,4.545092150553764,2.631991964407671,9.370372668507427,185.49591827661587,saab
81.87721529887455,44.53916378459101,75.65649122787939,249.22456522997595,103.19059769855392,4.21603622088772,919.169236207712,41.99233669041462,138.4687854330331,157.70424425888123,219.07871776807548,142.4845314474345,181.47504908528092,3.8738676004097963,7.410369781472367,7.620307652203014,10.980151267539537,166.71754899686286,opel
95.97380994521932,45.48250315517418,82.8116950513139,230.53785173278956,122.76257486403905,7.690870116808539,926.1516718617864,35.439078018127944,140.77421111237342,199.41746122051703,207.16831161411324,200.3851793470225,184.98076115228764,3.8891992011153222,5.776342366520194,6.8913183179267,13.854154950502311,193.04046481039086,opel
96.78050794846767,44.78911313510034,91.08548559988532,202.28270764271582,84.15538595449173,11.44927746243035,775.341098880442,34.83750403490819,113.8122453293058,163.46040440383686,235.71518073021133,185.68911160482946,174.89868394856094,4.191861099495053,5.829109958160064,4.383493489151257,7.7288234035776835,182.346038408183,opel
84.90505598576159,40.857034872214946,78.05260906855156,270.9279737437966,93.10168165434057,7.86665881407712,893.3848127179331,43.906974683153166,145.35680763759734,158.4296327477665,202.1448209516638,150.34912028178323,155.85654279535902,5.103435769626374,7.894772592946855,4.5147597101101695,10.609958080234607,193.50867628511563,opel
76.56360460179415,53.30369433212261,86.87693342060108,229.3747717169151,126.03538642940137,8.233016104951743,807.0891984114187,31.993175993097864,133.8864724603331,171.60911705473174,207.74296632121812,233.9792622289524,174.35056704580853,4.1706879110410195,8.349628115171384,4.473787293109049,10.053273875030204,193.6903127553084,saab
82.86644754107367,49.93139498299244,78.86826660714462,264.6456765902166,108.99131520771532,7.112029969304223,863.2613337647587,43.44414944373123,136.76688400933838,189.46243671615315,219.62291781530374,202.2338826021335,198.5644414019394,5.304031555675559,9.801554552391302,4.103750449446263,10.53257275345428,183.54961488283723,opel
86.05794379505612,54.111926294558046,82.72901805891361,228.61277615818264,118.46310711158264,6.188280628269069,907.5406417591753,38.12713561948256,122.8157801399071,181.12748938076749,201.98269329980596,224.33056465099074,185.5647852334684,8.342708168186256,9.667277123719655,2.157240496245443,12.420023550155431,185.1541438085867,opel
95.04452678127316,45.182255524567594,83.81580650427043,244.52541495666478,92.57957335350618,9.623595122454358,1022.2206097527544,36.82931923823689,162.12129204233486,203.91209327237394,231.57602366774174,198.86442454313269,226.78554869303085,4.967766716257131,8.003589745756214,11.194794586443246,5.321692662621324,201.88073356991774,van
86.25068668461782,47.98833939434082,78.25113277278467,240.10915688562628,107.02546956559439,8.354955761785886,932.1888478200877,38.40294323248538,135.5578495982433,185.76228719595625,232.9895412165706,184.5317014676997,155.81366067853716,1.6011409607849636,8.543700971613589,5.372056408218977,7.486876881014551,194.4259593715346,opel
87.63740416513865,51.60067842080199,86.773993308892,220.74526704007323,99.22571470307652,5.8486990328502255,811.4593184692956,37.349234066047856,121.54310688553477,169.41769737602215,192.03345974236743,208.22305857322692,139.60133335100846,4.415840134767915,7.522348078103277,6.570069484198723,9.446282200007088,185.2001380500161,saab
86.72455315911652,41.48610479463176,80.09109765524259,259.75549642168676,107.77645572591777,10.901226098862777,977.7970725822921,33.43255628373606,143.26209894340525,195.33425928797223,214.92987975256477,200.67622776107555,141.6847546602143,7.218271038107027,11.010124077216659,7.384857165768402,11.32106198163374,216.62931447189837,van
87.04737405189981,42.18154100569136,77.31517029052604,237.10628478515315,107.30335696996801,7.079106092032237,909.6668299815682,42.748204602665524,131.0550158975195,193.12207993601533,227.13330239738812,179.99722157520085,159.6366248746663,4.211819042038846,8.946674899226842,6.6771442039343665,9.174688875826574,182.6800887471646,opel
93.61592741229103,43.06352602166073,90.488822414725,241.0735896953131,95.43748745770827,8.38840069023159,880.0460785907762,24.17978157963779,147.53664718820153,204.21716933003097,227.2755257469614,251.19690003474804,173.2310858794489,9.834518296852245,7.884326775244812,7.7260208446121155,9.43242945617476,210.64170702341045,van
89.71469309948617,48.30439571066962,86.77134855007145,243.46945592316462,111.40459267940658,8.812188037697334,933.7135383035566,39.55149422555462,134.55646910088595,172.4040327819073,200.70742834177278,175.55329992367624,169.4279814676304,4.3593907622124135,6.81697067629294,5.345348849855209,9.623559714412938,201.1278023269704,saab
95.30115104970513,39.14621139315261,72.24383460275854,262.74322879120683,96.17358968518676,11.419450911622697,876.6981749065878,41.78020416172301,151.59245668432405,196.04355937523212,259.8503070633624,217.47095391911165,198.98287346390578,3.764716646132607,7.933090622900254,8.180844122502927,16.844336372129554,211.38359732270942,bus
83.44801598122015,47.286661482658026,75.82135551934398,237.624893103242,114.91968985637419,8.119819548159008,895.4981270430279,44.61999024216647,132.26292267243437,170.18282949064474,219.40925273813332,196.06768544958044,189.43891792360625,2.8989320635985973,5.325947250637247,4.3226847249588305,6.826403192897253,157.1703956765678,saab
95.22785919951907,37.69672703742128,67.31742388502231,268.01648272441236,91.43915320922783,12.537184557726514,916.9241921730845,35.025689079243755,152.15381315441243,210.337277099165,207.2927522234874,211.81909579199896,196.62733241052175,2.9704810136282958,5.9370908972815695,5.229502627751555,9.96407081611769,192.1320576426173,bus
84.46628409178824,45.68348465197249,83.22492323197616,251.97190182888784,105.37345387329569,10.373550978095329,826.474593268229,37.11774986236404,131.72963490850157,181.93809008331118,190.82143464570768,213.91491584945285,165.09996287316548,5.928975211154468,8.227072258370377,7.040543784244576,12.804740136206538,190.07895319370323,opel
89.29815393427423,46.093518736545775,89.778040118493,188.70269444632717,95.01407910544678,6.721612932499684,780.9115405716148,40.72912089415148,136.11601561549682,175.43710396991983,180.30107749765935,180.63032029677768,185.92263735763765,4.837823222745573,5.398129414059734,7.116464213756606,8.075557111640588,178.1661896347987,saab
83.83395750896803,48.54675196644582,83.30344403422379,194.8358224668913,122.71553026849358,9.308776268121527,807.2687679122467,47.24622309277565,127.14458374692776,174.87634061757635,196.02661732354193,199.59145282148506,170.32569527727264,2.3805290652203768,6.657783073454082,5.720809745768497,7.425421619026697,190.86801850735654,saab
87.60358608794006,33.67069630006344,71.9595675732564,221.91520867476822,104.91016684631927,4.5217195877250544,920.1552607634014,32.88978794088392,146.53228423233287,208.20298374508965,195.6481784128246,238.87340638332478,188.23517602596755,5.3758561358945345,7.655917281469055,12.318242309206584,10.323098347319856,199.212115999197,van
79.28973029114084,46.31119726078102,77.04527724847296,247.8034438576017,106.42972099468763,9.362955763758112,865.8961471561826,45.56336168015666,169.40422910102237,175.91327654293957,179.02833932757216,200.59124573744202,207.32989324224684,9.953858267446824,8.396166929835337,8.041355534160147,13.952889335591138,182.3191641084617,opel
89.84458601454124,47.90120942766003,80.95173377242016,254.6669601435636,95.33780142060483,8.579688791618251,836.7913960413017,31.822180363665783,137.57551470988244,177.89511969462967,228.4079232250897,162.22953174569187,135.34084502842347,7.214545944007608,7.157146441922252,9.670906123403485,10.079504766834216,187.34677481658923,opel
91.74199826197092,38.89979321139342,85.5287650919062,306.93273992095334,101.1360182907568,15.056936852825064,885.2299294930485,33.25445643789372,152.18185725707934,189.64198536947703,196.2066668181928,220.9124897749419,193.2956012877854,4.277074466612029,3.8642811492690883,7.3621254855421645,11.045287416772139,202.59514887486108,bus
87.19357283169427,45.80477990889133,79.09026673073431,262.22290430408924,123.4615058218836,9.901540834372533,973.2863677984228,37.558395344393645,141.5948593977386,177.99555017322774,184.19665171097085,233.09336631733413,172.67723902972276,3.8688944751951526,6.894891676159613,7.296927363093777,13.479955392297295,200.98627866730484,opel
77.15305202312658,55.91792704744349,86.48362871265253,195.21149511535444,117.9018281273968,8.190924082716593,795.1428065114768,38.562858782774335,142.1494410685497,167.05340815854197,213.57099309242102,184.69061453832282,188.24009808367214,5.407929353588467,8.16507401736582,4.774898195291876,5.786415426393042,185.76732859392956,saab
91.76314648727782,48.136011117242994,79.05016713194202,250.38916511037766,110.58195573508108,8.501656546793516,960.2537669617315,33.348617945325536,163.32551467665127,202.94719252902303,260.96799775627085,196.63090178293646,192.3714084786518,3.6581502123850926,9.786376694414503,5.749627796537677,5.148484329863367,197.94160140078657,van
86.02398938640958,51.38958994573905,84.42911126153608,237.68418443298924,113.3621482324525,9.831647563195208,858.3070306539165,42.58319056641484,121.44257420048493,169.05502277573277,188.94151967527532,168.82631738021723,188.7958731536587,6.223262948282104,7.932294024818592,5.821328269057908,8.44616701668885,183.1512482280541,saab
94.50071516556942,47.77107612739544,80.94784587350871,295.51650855295276,87.899768277609,13.431815262265388,1011.4015104804067,30.932171806117935,150.84094388250196,221.4300705458491,213.90366219134103,210.2433936456581,189.41283959547488,7.9707994229000985,12.635273577347757,6.5851209103756245,4.455224409764755,187.91141135379277,van
91.6049457671546,50.61742276238487,84.50929046959718,213.63815928408988,94.24523196135559,10.802223562124343,833.441736961152,38.6483427705871,142.76613507019815,164.05823674732397,225.8954807692067,184.32316521830631,176.7739498595276,6.406987045422344,6.491690938251226,4.99131947540082,7.794687542462514,188.511480028088,opel
85.93729691044456,49.37831026988896,84.60753859842764,232.41269521786907,109.47067252362852,6.220310458117717,955.8401527481926,39.83918106185448,112.8490665281746,165.7348674522025,176.3600895620435,172.8078126419394,209.0371981231147,-0.566477269230079,9.116589913544896,2.0408114482949435,4.646342351220193,175.37331465590975,saab
84.83664355130173,46.42501115482433,75.04332804971274,234.66271923990894,96.01630522545726,9.311872086591547,938.4669166680146,30.007907379023244,160.189232400899,196.51842603182686,249.84028561133798,197.38308898418288,215.3132208285519,5.157286384459116,7.400607886671372,5.112148905852486,9.24212539359209,199.35227740202123,van
92.92844290209369,49.72051269496611,84.0130407832773,266.1607237880414,116.54580833204659,9.253263149993831,1044.9367490677619,27.595493789324614,169.5291738248951,188.62967116852514,270.7231354570989,195.84895429411787,187.23172836721082,3.4282719654405702,6.537490862374086,9.316286072005127,14.002687582518071,198.12272976420115,van
86.63585276438896,45.64900529858533,92.14703826964057,242.7381615800597,104.46347841068247,8.117217834743585,844.6277559102875,42.4697145237093,158.0137298963498,174.95798084608845,185.1004246502989,218.5441757483383,155.74843146281526,3.6245967882519263,5.91667995323733,3.8267276222294364,7.783489900337737,186.59393197776222,saab
87.55267689225619,48.7994848526872,90.63381681222876,222.13297750354255,105.11131950018626,7.958157925233846,816.4346204314456,39.138446844559695,138.26145616040515,178.72081478667386,176.3759765370224,185.60540407020804,184.57016426812223,5.454244962970986,5.263883435712638,11.8904925798702,6.238924151079225,175.58466079732256,saab
83.27146283570174,46.64220034131046,78.16633631507717,246.2815103810246,116.18072184455585,9.742907413496086,940.4776907035391,33.902853510677,151.29187473331712,207.841464163535,245.36100855179507,245.01851883854286,158.92934230992765,3.3844468697046786,8.789915940646614,9.720365276790313,4.3753238078574,200.87391428920122,van
96.23441051942457,44.09737447715099,85.80695614415123,283.46727892305046,109.29807678004533,8.89364550930546,951.718765451323,30.720284150783925,135.5901836547508,194.83385801239893,256.4413215606505,227.4563416635667,167.93310391939724,8.457713100401119,8.025043728659572,6.739083091629045,16.23203031870986,197.11849737577484,van
79.50969491253531,44.00553658493329,89.65712399465583,263.7832891414867,100.91281193781217,10.22678878393338,928.9986136352919,30.739882300292624,150.28775564081,184.205637012824,234.68814733475176,250.97416515397703,199.7332288885576,3.881576583254196,8.48695015427354,7.190409241159413,8.66007085955618,197.63462616631466,van
92.64034067105283,40.14105420788692,80.5441621152414,259.9589155129478,90.83360883161501,11.498333967089906,890.6427867497725,32.63014296338842,169.12615421612915,196.4338846734225,236.96861764410568,196.5106802374089,188.37896175871325,7.122741929746267,8.758834082274806,6.8278606144182135,10.557498631464062,184.08374827840896,bus
90.27587834934413,48.4606092577619,75.35690038070943,226.2889085703299,98.72346405917982,5.823545802584359,851.7848527094687,47.6734230142898,150.71696791522558,185.92521009760873,191.3198899587457,208.08816308142835,160.32344930603986,3.118045477434566,3.931638078625557,4.605666814619539,11.43798774293792,193.7215866960644,opel
87.49986070529332,50.439636490618575,84.47584816865779,218.89958489245632,114.09647088036418,11.745499332497747,867.1341749705366,43.28484450431031,138.00160507407085,170.03955059830108,210.69508956583695,207.75715086831192,192.06109423704243,7.414851498313297,8.007273272355722,9.031713037985956,10.063605897376139,195.46782554594196,opel
85.23745655279639,39.53991281829346,71.75699105060804,246.49410940191973,88.74445279589465,12.510291576749808,954.0994406912359,30.573706267429973,137.14408999243972,192.3963635878387,253.33255766913783,162.65044693253444,174.73132764284261,5.94356424212554,8.468518528913531,8.15809560430056,16.57125100356527,191.18039235732826,van
80.14170319570553,42.950503037293224,64.25109766175532,260.10042176547535,101.58714813741989,9.947478413460296,975.5062180625038,30.27734864686139,149.08031533796952,214.24627732077244,220.90763796099878,196.56558421483845,206.60065636430977,7.5190000750322445,9.23672113251933,10.691870015676631,7.740388655227088,176.35144627208487,van
86.0424598528779,46.73636185940579,93.08164746633398,216.97114900272638,101.84158933044326,6.635850403952434,830.3636880787092,31.754378303908382,146.77625442156133,188.77974333925414,202.05381033497176,212.88917686210257,192.80960144025568,5.01977449584239,5.333239888784669,4.4816329076649914,10.701653716301617,176.77132395002022,saab
77.9996438279913,52.50750825411609,85.26741766533563,222.21192876949246,107.65793664982036,5.6015913498087135,793.8542661276215,41.99928654389524,138.35333435364836,189.358564640859,209.06443804565794,175.14262589242603,186.66016526081137,3.304999400588179,4.957490386287741,10.736669084800875,11.808460782384632,193.1473072162168,saab
87.1023508301204,50.15861909738028,73.4240411741556,213.74678878401443,102.96500466378751,8.74602437359004,859.2894609536233,40.30624448203598,137.39719250972018,180.21626630593565,226.87657548971248,208.6399312673922,181.09758437718745,4.227525822577265,6.703621419192716,11.90787734585078,9.049718734074034,179.96114365627014,opel
84.87613708611192,45.55694937707305,79.40559287633224,232.92418537715372,89.39279626568495,8.636678145628391,850.8328533560756,30.54292065097411,134.27743479874295,186.8386111393199,186.94196112705234,206.64692742944007,178.52111850308538,3.1830713249544464,8.203872474206484,7.161427453452894,12.002899891253024,186.04575614756985,opel
95.71444052769559,51.45833916700708,72.67926319802041,252.58170818028,131.28578970945475,7.783521703870921,886.8155647781833,34.301423926207875,130.49741192308264,168.53449836292543,205.2693349580775,197.45284663757778,167.97350454026844,3.977124942434921,7.799093682031412,7.266332978725411,11.95933412338046,190.67318220280106,opel
87.22838953540962,49.3885800327431,86.39316702785396,250.54302071786302,104.56075282602535,9.06160316734546,820.8417141372022,36.71327669477991,134.1208346487146,167.86807695633868,188.23962961926065,182.10208282711324,126.37008883279245,4.8275084058947755,3.6376129211410038,4.278952264037522,11.302527245451893,178.78405954829316,saab
87.06925890517175,47.38908022007938,78.23523300114579,230.8674242855619,102.0489351765038,9.68954994518459,949.3922985172986,31.27173086520886,122.82746139427894,170.40267665167067,238.43006570466187,178.6727384923036,179.51013254648402,1.5855480108588949,9.551543641516645,7.3077084577469975,12.562597077684718,184.27746929116805,opel
88.19093499424287,55.66081810680729,81.7992853253446,205.51225453284093,115.41595277900043,8.511954292837542,843.6400308008779,40.98116697054774,133.5884807267892,168.10723376847614,201.4643890062493,192.48361296903335,147.74031410798875,1.7272496665922854,7.0572696306691185,3.4555247455360734,7.371909378292159,170.4270071241617,saab
84.80467333583992,52.21248581009521,76.79815926140469,222.18607829475445,104.4349281627842,13.525137616670637,848.933413823901,40.264229835328265,146.8695260747317,193.11480818960294,179.38144734974708,238.88035300000882,178.45425454829444,9.120683087673664,6.061858764112363,6.1745614416104715,10.458349127342782,186.978921751703,opel
84.94001327686138,46.982807469571426,84.2133319679171,237.23828541461054,114.56979368188992,5.6338289695004695,834.7827564473024,43.75894192698841,120.37858771809616,165.58618513860733,218.88429680503629,189.61012488592027,158.87235258487286,1.9727883152910626,5.201486708108076,6.160639145250424,11.58205626410589,195.4879443967124,saab
76.47571413701856,41.58078275640775,82.34652488000337,250.43190320705014,97.80900951298136,5.787082197919172,837.7018483685374,28.40734761899641,132.70221747969282,184.51547491239506,229.32557478469343,204.61067334422677,206.9598738858439,5.278904932058395,3.4559443431519155,9.954745121261722,9.508597928390191,196.80229261905703,opel
79.16121292050039,42.92737235298707,87.52322023542442,236.61734056812702,112.1544495164987,8.590390736317673,765.9015608007295,40.41247032978255,124.73517645205077,182.94758522471935,195.76220937603514,187.92694890236896,151.6116160484008,4.742107476430727,0.012586794678754565,6.906079313144118,9.255137580600545,181.33366121331068,saab
92.49121478207732,36.72711726706611,72.47409311507842,269.2088969228669,95.17756751762192,14.182620241188538,947.7652604285255,31.290587463237703,131.2038183521107,215.99721789166514,249.74492310671855,214.2138542474474,199.78174528422826,4.22015258688111,6.802309597521388,6.006135949764044,12.7290141661632,211.29642131112797,bus
89.3813434861429,47.631052704601494,78.28943445774792,255.73548224765173,90.408388816049,8.74269138985086,897.6421215654868,26.13319243718936,148.46002334802168,205.2144939905953,275.93330403350035,203.98348087935403,183.4991564997077,4.9942624926580885,8.339495535941323,7.882334291736956,12.987081263111087,214.53840237121884,van
82.51341426821165,42.74682611193137,84.68346935199541,192.80673918900402,114.33939175625682,11.603056815664372,925.4459447133452,39.22134521990128,126.1241910874443,181.46743935418644,179.63492197164544,196.94977878047393,142.16100069217345,4.687109154079872,3.9106669387375135,6.882071669701526,8.051110390905466,194.4594096063944,saab
98.28276804316914,33.14746188363649,72.43871358031548,266.46105545011903,81.57267549461075,13.899108270882648,957.4318674714358,34.15547904468922,136.80742140278502,195.85318142565023,197.38223129348168,214.32774870592573,213.31531486010286,5.0249986438145005,2.788706116319351,9.025274819288143,9.497154569896125,190.83374694384537,bus
76.90413471742067,51.069901555592246,83.89875806790121,238.14180766797665,116.47406902498639,8.127083809121874,909.8589265730957,37.41503070341362,149.00649041722087,159.81584301171318,216.87580051763152,160.4757207608422,120.18328166616291,2.7431146216893074,7.265165599284394,6.14854738038029,6.46596821012025,201.68808081300705,saab
88.89578175014489,44.65265500861984,70.01429930153377,273.7353352895416,89.61830915086416,9.624803161940974,919.0579192441389,35.50551831818565,149.96699223236521,192.65980140893018,246.80922103580696,198.0473214276183,182.19006472390438,4.611461736042961,7.154312992435433,9.136758667388033,13.462680891260156,185.0830333655969,bus
79.6573962295878,49.92351128058517,75.41428162498926,250.64778796252793,115.37016109364282,8.646494375067125,927.2420731209129,38.95106572246858,122.94244437772802,178.3671229542061,212.20470011387994,194.07006837746883,161.84024879940975,2.0841443210094637,7.547754346885645,3.751668030476132,12.685716246185992,181.63796263333236,saab
90.55242785187238,39.43048205991482,73.52554161548433,259.3826245415936,91.60879237371974,6.81791541571018,921.8279902078834,35.07539849177939,120.61182841723571,197.50200206251694,205.80840290501655,210.17005108258442,176.24601010480993,5.596316931981051,5.1508717712438,8.16547516634773,12.147924994560668,200.7117940621921,bus
79.16067346354144,52.23931379531224,74.74464160478442,232.29690180555505,109.58436183279377,7.459459264650782,797.3835265198402,39.105333712786226,141.34639699821057,172.9283831090596,210.79901801510206,179.05029005312423,176.3394292578885,4.037581022615882,6.862567633772597,7.259116732131671,8.58449693418014,200.0421290068523,saab
76.8516167963501,50.598419460451545,77.36865774888427,234.13137195373375,105.16472141787743,3.899947416967307,924.0873200380006,34.22074203903312,142.52289992570917,185.64864132155958,213.39653345167375,222.4390098383045,186.78987653468172,8.030793498527185,5.33953073266543,5.49177504041788,6.169490606019696,172.1347285802248,opel
86.70156568279465,41.206197726399,83.00608800069544,248.84604312270682,117.13077972639358,11.009643383515826,939.8075110763064,37.150165099862924,128.97089992952073,178.78691328610418,245.83564547226717,192.193917017766,173.51593904470255,6.309376986016289,4.020393869269652,8.250456941746204,13.614061027193053,180.88834701100015,opel
92.91005493060796,46.02200810474009,82.25814691009076,241.11260247531578,103.81016329746085,7.990569076329697,861.4743321703065,36.06606436638474,140.11124776844667,168.58584207772782,195.46221233590575,207.3433081008609,201.59704033064355,2.863905723267519,10.325827309974885,3.554555036869289,7.911034232922741,195.10175827182837,opel
81.59292510110987,52.884663000016346,76.90349518170217,226.22700182726464,115.57504793727841,9.4064954626108,923.5408775931733,35.665757808415705,146.95850880102805,174.59714472104318,202.1746457018492,211.6945069407188,204.24649758821246,7.8296802729185195,3.799621426475681,6.698832903250144,5.098716311281538,202.26014125707297,opel
95.15794452607055,43.65943382735067,90.63972424857178,257.4012043381497,97.61618481300725,8.006073734158997,792.7015483762509,41.02656986042775,135.87310265694882,172.45395617606727,188.8228398228401,199.6810054604646,189.19416390415614,5.285242785337766,7.985430838922802,6.56005982665394,9.866391638115946,199.34964815751985,opel
87.68242525933941,40.3032182327749,72.89091909575215,274.44267543267426,89.69193224399434,12.267081809564564,931.5405842277389,37.044810398099926,152.54291329813574,176.33460048639384,237.74581674533485,255.2454089140153,179.1129334090869,2.066429618768646,5.335877390300286,7.816105693673512,11.513628073560424,198.07676653401114,bus
88.46407605150462,43.587132613543616,85.93306962258137,218.5102658916745,106.95444300963926,8.314693135346156,856.2192383453857,41.38248137860578,142.7248333084876,169.1925890944355,215.57548615955565,189.77982551655373,167.8827549148579,0.6775911896321549,9.31773938891066,2.025379540547143,10.811751124450124,198.59385223230743,saab
96.64704992395407,47.76189074448605,82.48863734473275,226.04067141565477,95.94393072583955,11.952081438711893,862.6766637210483,34.72395962122269,143.88240360495416,196.3432291746948,239.17056444001705,221.02034120452598,175.76876957098,4.169045941819415,9.635963088907722,9.925005183906597,10.451807478533901,198.12772678493118,van
82.49928791864482,57.59379714235228,86.95511601896625,178.34875649713524,100.67389316018222,8.317537557953157,887.2382745558821,34.10375937232711,161.0408978354919,182.87267929120793,234.6545668413657,198.3571390885427,148.77432239901773,3.0646871434229572,9.86327197387594,5.527869562918701,11.620647589270371,189.0748380645066,opel
92.57706907674104,44.53554367626526,89.55389017276067,238.8993663075235,121.73153912950863,8.003607012712829,794.7774086072502,34.432066852811694,141.30526619537312,184.3289535519381,222.21506344829282,197.57699242711828,187.56678597106355,4.58601761451731,8.548127167032298,5.148150801364868,8.038126571079566,184.44898550267678,saab
75.22703497758363,56.66665303691009,90.6337430694091,225.97160199846053,110.99125453216857,6.555305190769941,938.4956533827797,36.99990927373713,122.12277566734481,167.71209803622617,221.85918221793338,223.44845910571644,204.99524627379031,4.2460373470535115,6.693448032483901,6.8098827076306865,6.422687177849578,197.68807656316957,saab
92.00662844367204,45.84240335719057,81.85428465819592,243.38450207953895,109.47189954557511,7.3620630033949785,945.6649431925896,24.089550372322222,162.6796048710309,203.6539424192514,257.9702340910313,264.21588598081064,210.9315112329878,3.828504578436901,11.446149435292499,9.906352508658708,14.123454944282678,193.65725283182687,van
87.90861682485253,48.00219522845914,82.5754281290056,231.935098368776,107.31377105807663,7.896981612492144,822.935045251888,38.531909541113436,111.17479248532536,191.7817992212487,205.99343954675854,207.83758122955538,179.1426484431866,6.967780307535524,4.335221110061115,4.619296267747422,11.050244020680092,170.49836832963297,saab
91.95308859419988,52.22692172310271,82.16492580016488,222.96057509900052,90.67479205634629,8.09843101381307,915.374360360268,30.06495116218782,133.23800839601012,176.49326606341404,205.60946835105722,183.12806774936575,174.07318489563855,7.182055818382954,7.341410965509014,2.520416739267758,11.048619798452155,191.83335866702058,opel
97.5751763360433,39.643519841948844,79.33003238425941,273.7321824631272,103.13612128109095,10.644569260495787,903.3927755263702,28.350032047857304,136.30336918725305,188.39678860526553,249.28354477504874,208.57514467764176,164.424894541543,4.576666036137646,5.836435933215892,6.977815992102796,16.930134467413602,183.2054033549222,bus
86.56972708940957,45.98433446126563,79.9409311480977,257.8526823130194,112.71152262755267,7.458096557815434,843.8026208649668,36.19455718009615,144.71053237275302,197.19497946588382,230.92217167693744,186.86117205541058,180.15063893800442,7.5068349468421856,9.23032796855716,6.0242681797204565,7.06520305220128,182.44494411295372,van
93.75185108193169,43.11473711539553,77.6487394076788,264.578823891409,103.45305303710077,13.533023600655268,903.9274488285539,28.66784952378495,146.1212421813753,214.0200932591912,270.78284691621303,190.35351455446448,164.23491777454905,4.448786790795218,8.771421681062904,6.991742652696672,9.3378137291249,207.32151226054737,van
85.69716985120222,46.19449907567463,89.67324258820224,226.3729678712958,91.11412850441899,10.690813113564111,905.570762751094,34.2251782742797,127.55074965377749,191.43304274330015,187.18843021022892,169.0347666353833,165.4659813896838,6.330212103042959,8.015865339924032,7.513154791698615,13.680626617667329,184.34518779557914,opel
85.84614195659807,42.67301006240729,88.40480710642412,276.33586473324743,108.84488972198875,8.132976357592932,868.4575516048145,34.72825083829407,133.81751084720167,185.0023835069824,230.904151640645,222.06166556586734,201.1783966882723,5.584071443461816,5.258714418066667,8.068125912633903,6.805753880243651,203.14234346742603,opel
93.81590696629996,37.87896952651024,81.95597882018549,301.3104805846868,109.51801925071419,14.371408309325993,846.6233542872864,32.75132789368679,134.97812544218527,205.59936384046622,215.94038725208685,213.9519109884506,180.00709393426234,2.6932989788080812,10.188884783498393,5.435993014977926,13.899980478213715,196.6429476537057,bus
93.82923312638331,39.5410542341324,93.47328485073143,292.0660376403304,79.98768460647645,10.06331109027273,1002.8103564970161,32.56871205162227,151.96954404510737,210.49020151495188,242.3479763180492,192.24628659150366,175.88187108986273,5.61999796633111,3.90207894989305,4.401567273108352,11.506994382343827,166.60921340514574,bus
78.94180076440807,49.80529129897365,84.61029022984266,251.99157255627506,101.25500372963047,7.275386127672638,826.1591513186472,37.344296092977935,136.52844694783138,188.51342122173136,208.45639447772606,211.7567024373158,162.72943492115778,2.4814088962399237,5.441087597495535,9.707783718646851,9.415007332668727,193.72891684787692,opel
92.96012449288041,58.96370622482317,91.62998321082648,211.8534688125547,112.51977497244266,5.8110112783302075,884.9606219335993,40.48996370149782,134.99558908249202,172.4916632818877,186.0491611504977,172.40665081378927,172.79139531313902,2.7767897075908303,7.276368081456425,4.581942195370056,5.7314597751796335,189.07879050897492,saab
92.82632192190223,50.036180579188574,77.52061988638053,199.11339047597852,116.05946672724346,8.412866326818227,847.5461833216681,30.812033410882396,143.04154550950278,175.19640327508645,211.44751031229785,184.24483484759122,171.3031828261743,3.3620951100525582,5.105154209963082,8.720370421563688,11.326354717582388,184.29880892768247,opel
90.60468256203123,43.84916876587999,82.42577651144401,208.65132134079002,118.21648341498414,9.183336099386262,727.091528472549,44.26169889439032,142.89131835437445,175.4390053312339,189.87821417616223,195.22739817596988,169.3994418871835,6.94899473514103,11.092109071885584,8.670225335608194,6.102996258458307,179.76156829686605,saab
90.40806922844047,49.85786987889424,72.98640848595832,222.28130149069779,109.50727960657706,7.955931420316487,866.8512542992148,39.23663087806986,147.90299547099525,173.61969834347624,199.302913544266,184.62080174650416,200.90962336291898,7.730657496551643,6.458427006041874,5.1236402975575155,17.261816485380884,196.35946323899336,opel
88.06632772330572,52.878397990499565,78.6059038130826,199.26938619235924,114.44660822060102,6.798225648292375,862.2749340897157,39.37436288482879,145.41321144801321,164.99729477223212,180.63328273492883,193.37088024444242,184.41640185848124,5.013952691656283,6.267883765904027,6.340969361393828,14.353676666560759,175.34603789867077,saab
88.85221499360681,46.245901977580075,89.10579658694036,232.54448411070493,120.20665452052596,8.22888204007503,907.5718269087772,36.539779868780116,146.7424016923324,197.1511821817878,202.1739379211908,192.92097224652463,156.93525374955746,2.425242813729309,7.287261667976395,5.2584672471185225,17.108128498520337,201.98304568578382,opel
92.6004587049555,52.5023383747,92.21349402016702,217.48453912536448,112.34627543203882,6.331252775409757,844.8971804685576,39.746787108874656,118.09254199263329,189.1906441335752,219.32250651060622,222.6900992530207,186.24892664441455,5.445993869248646,6.567855775209443,5.3107303259836875,12.264277389625768,197.97940193535132,saab
95.02556728321231,39.411770473991446,76.96156424258497,252.10785395560993,95.21858302730736,13.913404633589169,961.0516847762676,38.811498188811754,148.51448207541583,202.9062559916277,233.66657985622138,235.90176948169506,194.60719692801234,6.031256176887913,8.681468964259098,5.348692634395716,14.07857275271231,212.9872501835131,bus
90.77071463256374,54.3192278296062,78.02838892049543,254.13910019841086,102.12075570253401,9.214290659475136,897.4646386177104,37.34194187281532,125.15801789088839,176.68406221068454,204.37611975605142,193.66684470526712,178.75706580525193,3.7906496367361617,4.894953890005243,7.043211095183369,7.876984345148639,193.07186464782416,opel
83.55733549659102,50.178208662284604,82.94085058787972,257.9352035479698,107.29064756892994,8.228617506118496,795.2080418498022,36.00571845407024,120.53435481472185,190.56416035571766,208.65700805039947,198.26895493234954,191.35848405870277,6.2815716009049485,3.598362000329919,6.818425157213094,11.593174492219994,180.99942566117474,saab
95.47931919546893,46.9210420056237,75.0587901762449,247.51428445675128,113.47619867682761,9.359229881126412,924.0965490262472,30.288612947287046,136.41825078522407,202.18388987544174,237.4693484050588,219.21594487231934,201.54953097002834,9.565811200130288,6.550277832399896,10.418461294447876,16.557191850167722,209.88608793499174,van
82.99395396727661,53.590623086598974,84.82388978730583,255.5686991593143,106.77037252801675,9.301931357558884,876.2968640127325,42.08491996257816,124.68068491707908,174.1142893273121,191.8596821638646,214.26453067787878,175.70101160860747,3.937057259592632,6.598399532177792,7.438655203658877,1.892927065256245,190.05389011732137,saab
100.28561113109458,48.532133498625065,78.26016115427961,252.83284439637572,87.75119765691237,11.82343590329749,922.230133411007,37.690294804810925,141.5680772450259,193.09960964998507,226.81178432800994,201.84330892295725,153.04150280289198,5.145361048658683,10.906518275053136,11.099624191571852,11.06907688384529,191.36883338844433,bus
94.93251387631032,40.52296230914437,71.44563645456678,270.5218210042167,96.28640126920666,12.557988324447605,928.2754822815772,33.1003853735099,156.0095963499857,184.84905808172132,209.0663983082547,222.95854099893617,170.95240437815607,2.5810461291623894,5.9612072563477465,5.16374603316685,9.9896543986373,197.79267838216526,bus
89.63537609026653,42.29414435430502,69.68330540097685,249.94435960906387,102.70334237507993,7.310525182417647,870.2959933833453,43.339786913534574,116.39087397233278,178.46214834853808,255.13504944337532,226.45946616691086,201.8682293632344,5.890793544228571,7.732293051931364,9.2370828186719,6.4667193546424295,199.9850490461567,opel
96.78893680174141,34.479594167140434,66.55492983169307,274.3830065532788,102.75604050579977,12.598585160812984,945.9614467287602,36.04128735508488,151.70480617241213,191.4297079919339,220.76475989920056,198.33887885998482,195.71914685954926,5.060062958328165,9.559037339520318,3.0621537151678337,6.073536686348588,195.08556080824349,bus
90.40287882883098,41.9919931649818,64.32767850657433,279.849025280163,87.42691959026094,11.626057394029107,945.6792313116624,37.685360305801865,153.0712259663731,198.19651825918976,198.29698946884403,224.26577060236212,193.1521906800514,8.56359781754212,6.74469063696362,6.696571132845541,14.880914388844412,176.63640216229604,bus
96.87849009172837,38.98972739442736,86.45649984282079,303.30948888925155,74.88367415243576,10.563185468861604,901.0635788368031,33.14153081080643,147.3924686411115,183.88542043062967,199.92085255837003,248.9991474915276,191.87580055327226,5.901206825725078,10.256937109544644,10.840735004288522,8.447908325332321,209.62195938717636,bus
82.32201367237238,55.543154065942105,84.16009879142935,204.30122934255792,110.33234025586104,13.555377852061863,904.6218669577083,33.36826520107478,119.384866393408,177.75080460444647,195.40006656839847,189.61948562163704,200.64320293918948,5.078618397486931,9.257091555062374,6.669834675258029,11.902905129927234,192.529394682348,opel
91.34816684141431,43.03003084018922,65.66022495885657,287.4491465656029,82.09127114279266,13.855680256162474,909.7192150788668,34.94219091648689,133.19187184691154,206.12688374989926,182.4689458791625,247.51917830724125,174.00450506714017,5.898947825664614,4.776839500972898,5.898896136583025,6.444471805276024,186.1223048846146,bus
90.89421722012821,45.184345404134476,94.64840348303638,285.36747211251884,100.32451736832753,10.539226525199686,813.5804843379145,46.06446472142017,124.16877168675703,166.6752337827661,189.4586776352045,174.2291828592849,176.18106705599035,9.016612546113127,3.7418711563353964,5.700243932955663,10.415609843630028,200.59182290482352,saab
80.9997173141831,54.233536047523124,96.30758680198882,234.1175363924766,97.62357562258059,9.249735220390958,951.2141707136929,43.34041846907449,144.2732812027381,182.12299617660477,208.50124856552554,217.43986930853725,179.09656381571114,4.14279552610258,10.451996004188674,7.838683744923251,14.480744395488857,188.84432307465477,opel
90.0752855579496,47.54929873209229,88.2434863112687,218.35144051952722,107.1592844482146,8.492275772618077,1018.106620184254,26.657243979919855,161.27686294516428,202.80045342697406,246.48072885413066,203.8186752652348,178.94455958270953,6.501256464206604,5.137290305891145,6.439712237224456,10.238948747841775,201.57634558440944,van
97.63954496626785,44.68244630237719,77.60073056798977,275.76151449704753,93.45115978671937,10.330807320599408,954.9466893514442,36.61323854871412,136.95410556199528,197.2715545365987,221.49215484714088,169.3529247140323,189.14094383766846,6.76270566916057,7.164433974972763,13.730424046171926,11.244353386237723,196.23577445411806,van
92.49943477204606,40.85173570572002,81.83145875918812,246.31708368633596,106.42523794091218,10.302806095903465,930.6729192051121,39.3513109815532,148.34919434996954,197.1209392313208,210.37708550756568,212.85981269618432,180.37409284521806,3.029627674600136,7.939473884806029,7.655250085092676,7.105320099440847,201.52525882897618,van
86.46414421793342,55.97181049101531,91.31528386440849,231.5915909311312,106.81961042763378,6.922430324305223,853.8539305690747,44.866893969991786,139.30887382791838,189.7170889836189,180.68346458208072,205.31439238340272,161.939561160299,7.135583019591328,8.150781108832827,3.164720485545188,6.683553108864173,198.61760913340223,saab
98.84850553827093,41.235909197334486,73.61467995909591,266.87679019283473,96.08891104765047,10.441167075474722,875.3245110873428,35.346629431035936,173.24698914323417,192.52544346041788,238.22911570833975,187.45472414891705,187.7929074277884,6.243688928264908,8.420016616045178,8.641860123851314,7.638891163200103,203.32372333223984,van
79.5565329476183,49.486406936329566,88.63308190674499,258.2753929658252,114.55807135763344,10.109241256974636,899.3930791203254,42.85550977636055,133.5430938151886,183.0773955598415,211.09277416263615,195.10410523789892,188.93866110446226,8.891539138227369,6.7701103358756685,7.517695531677592,7.112401179089028,187.01529605782503,saab
83.2377313418113,48.89664016041417,84.92785582652087,191.48044363109798,124.78432153416679,5.669596000069423,799.3657218315753,36.139817677695284,139.15653804258343,169.94552790346472,184.57461166645038,242.19228518200208,167.61275792693408,3.4964426521472416,5.287145758949842,7.52678615916394,7.0298688006706005,185.59962857695706,saab
99.06758608684835,36.9306097484478,76.67981175791893,259.38006089996367,98.24226763225474,12.973003287652404,898.9316352825782,31.815896572786045,155.60209907498879,190.12771435886447,192.97851267583957,209.06785081860403,195.98738154169703,6.442958647514686,9.177539308433344,9.11473661075645,14.01459351518716,192.53616597485453,bus
89.46832512996986,42.51851536769445,69.83751980829629,289.4510889925346,100.5391525250746,10.460053537882716,911.2342362875943,33.961813289664335,155.56056809066052,188.38017822203392,219.52895698251524,227.51261867292,178.75708392672118,3.7943586884320766,11.330112135613206,6.4316898041424055,10.903482189044203,209.20504287271064,bus
87.20610771906613,45.13603238491259,71.16777756183924,228.42974517270807,102.55972152916131,7.011924413420498,982.2061883925054,23.741511490656784,151.16830174172185,192.37582049397085,248.18129876668115,207.01277008700717,183.23045703484502,7.334490294858484,7.102608634761031,8.932889193680523,12.414800172196976,195.5424254020315,van
88.31798934280381,49.41860231074446,82.25117806094968,264.6808390884524,122.14737624521744,10.503894909026315,713.877292950403,36.22036510925973,123.34954081996888,169.50873519010423,203.89935411981517,178.0219068725907,155.78703888541833,2.68793048351869,8.315039211619915,2.1053202546761534,11.237569554295732,180.95484915358304,saab
95.4982568254382,38.39511811245666,80.21763552063396,265.72022311548983,77.547344810722,13.115620612703724,894.9922961760024,31.99137437763767,114.80487844179174,199.04294754961697,235.80743792103422,204.3805820437607,164.47527441750785,5.902450638637016,6.776982345714113,9.4584295685941,17.566509944382787,190.225892938072,bus
83.01121108670323,53.17501262346384,86.79547874510347,230.93293099798825,105.31839563292813,9.275516810348075,892.1993093998824,39.672365710026405,145.92905371837202,174.7154900209961,223.35169920953214,250.5402083665721,182.85178546390586,3.657239112710095,9.997916925335064,5.454653218679086,9.000064421126066,189.26393443465832,opel
73.72104334452627,50.262950640189146,84.57456782483578,247.8340116213915,100.48847105557321,8.650518996459164,816.075263475639,39.260492975018934,133.62995703432688,196.16012056830994,184.89078397214237,174.17094096450364,166.52197240061315,3.10280625378176,5.33752138224321,6.738104097179936,9.884492067629083,192.95234249257183,saab
99.06262911197099,37.75927583921212,81.03775685528664,238.59550560219088,106.60208698100212,8.888208707592746,829.0817133533484,37.46146993605221,144.45105999383713,195.19147777415753,224.50615844081884,226.64053134169453,178.2498071300628,5.940088374736404,7.42514806126443,8.789294375147744,7.812632393422545,197.2155847362421,bus
91.92741294914788,46.34587496476268,82.39684669089401,241.38007001474122,116.70748523408795,7.822616601061452,856.3408446846444,34.17967084745669,139.8111228888943,185.57029622487804,191.79602587544179,205.5504936895259,182.3450471820721,0.9941031722696145,4.905631289503543,6.623166306182547,11.715674211918643,186.76314467323107,opel
86.37541083743484,43.671447788219105,85.12284981043538,266.3203332729464,91.57216935761176,14.728280859947688,887.5654436908227,31.31035926200599,162.3251499948509,186.71502975219755,220.65593990823174,230.78113374751038,202.69587812541064,7.558929863315502,10.179677956361367,8.80803510952263,12.104141246257685,197.99647687837347,bus
104.32887255572378,47.325835063417415,64.84521222171108,276.6891357997405,98.86546253390013,12.006092040306829,863.2704211600975,31.43523109833885,138.41883510924742,209.22369861698508,228.40188980903682,202.36844541669336,156.38288663183914,2.490154663995415,5.565967701744127,4.368368367144986,11.160020094376561,198.59475797547125,bus
98.69233289997705,37.59913249136482,71.53937201659001,242.96630788767334,88.23228660936269,11.740358600533147,889.5488371356987,35.71832712775839,147.53739661494575,196.5175799224874,236.3755528750972,186.88865961642716,143.78742735912147,3.7756661656903585,7.916336229577397,9.292881740801455,15.108262953138768,205.53985771182877,bus
78.35496181388275,48.80372365907978,85.28379245877237,259.8741951801107,110.52713286881792,7.712836822575731,892.2636648521047,37.24522226621906,137.73547615107017,182.7913062558835,232.5066061815039,191.61342285769905,157.48492720126006,3.3386826752473366,6.673806527953232,3.6649983522385714,6.815012194734778,173.5801392930732,saab
94.70454259280496,51.46520017088767,74.88567940355537,266.33674022861965,86.94388091978865,10.765307102954983,938.177558163207,34.38888076642576,130.52657525859186,173.2543287184586,256.4820579371141,218.09646817616536,205.85087366920627,7.617142013780233,5.428801771894456,9.470538619949975,-1.5099666453781087,201.94955092412187,van
94.63585543671563,42.58150379834059,71.71884635255765,294.13017933016715,97.71269734630685,9.256197714137286,887.3823248936856,40.062831363458805,122.03819046862762,199.39501230620226,220.0675101319432,214.37121659250448,175.12627381499226,5.462891845051145,4.255068904231798,7.643357082753,8.851033503270177,213.56647436561954,bus
93.94564890726733,46.098706329271245,85.39148274384839,243.40801988124022,116.86607107885273,7.177659879950311,810.8491095627763,33.32603643160293,144.96930634962757,208.24167009402728,213.58859042589867,196.6884205486481,173.68623778611854,4.916964061463857,10.377644384605354,7.1276424500672775,11.681941386476954,194.01066990031393,opel
91.13587392731215,42.01618606207138,72.83420300508553,277.5442375012904,98.18056345607712,13.073305505054572,1003.1262459621572,40.582735243159824,145.4091917539572,191.0798736008087,193.61505610802465,186.8962030639285,189.76179891875262,3.108986240114538,11.191687003618318,6.004858323229586,10.535178472645367,179.5688177205713,bus
92.13828754867599,45.58194455776082,87.45572438016217,244.09714600435382,114.22535758763875,7.510487686431222,887.1643335941013,34.32673545068639,147.9795432214255,195.54962727725766,206.51274327174931,194.42642194320885,162.25488826364807,3.662443522437755,6.583554580774495,8.258270596515567,5.940289270755693,192.94738475832906,opel
91.6153899984702,37.50920192071762,65.23474537270103,268.078802005507,101.19484349268802,10.892823516584011,860.755084345888,34.51847534418561,156.2605025077217,210.33433701296326,215.41218511863946,226.0650243996957,153.73830590752118,7.989876454906472,6.845113078548013,9.163969618499884,16.82634256720312,188.0180032538895,bus
89.37184533007307,50.24677379709065,75.1617384252917,270.74317797316485,94.7464852349807,10.813244068445348,862.6389166517372,30.466314048049856,148.4216249015974,196.41920553820682,256.2341114322653,233.28120305171876,225.51121546040682,5.032133110097534,9.988703039630847,10.342203943339118,11.307842889146418,208.9579621823593,van
82.60263040212728,50.79370053753749,73.84479238802007,218.32806910654924,104.58641648499815,8.3618741604306,941.4364027614461,41.35690057867516,135.6047568308893,183.11634298807425,222.12849456782328,230.78713045201386,177.83490517557388,1.8196173534914037,8.816180596524278,5.440911049281247,9.551597933945152,185.88086947358178,opel
86.94821198111543,44.099604576852244,79.42490625863408,230.03616158597123,104.70393524741414,6.6586749395996225,861.4651042391909,34.21279962327468,138.54340294141875,179.25747892506917,212.5184764097091,203.91281056624632,178.39511933121153,4.850363159298829,8.647092239683946,5.84988360762526,10.703382123021553,194.16791277604494,opel
86.48453640154138,47.81715698141669,82.464245696565,265.55753042083944,104.19041898145974,9.833318121097188,895.2850595374889,41.837984306397765,151.59718213000895,179.5871922660763,170.81636782528045,193.7007917509051,178.73002064744128,6.284215517997227,9.921637436578226,9.033286414631764,10.360110273103766,170.52867900033968,opel
88.187403804267,51.876162451367286,67.6978552562948,297.887238011649,90.40219787927829,9.716484891944923,930.8062629334609,31.571654042192865,161.99299572921586,209.95973678846445,250.41378992845338,227.06330612826383,206.27833395492448,9.331206427373054,7.114821414451688,8.798088281293053,6.957507345619095,207.70463595687227,van
92.30858508128559,54.66887093321749,84.20437553055702,238.24711938171896,117.94102482383543,7.614037264478621,861.1997484450525,43.41961569054561,144.54538460887758,174.70196218148558,219.52277380133842,185.93480948105915,171.52483642349043,5.196344300669589,6.879685772945656,5.22523650997057,4.2274624294239125,175.235744602684,saab
102.46598966104972,46.376215686253865,76.79145997493406,263.66446029577617,104.80170372595423,9.957510441447516,952.9185145408948,38.925995644111,148.42975171555292,203.31470896330896,245.14506842223003,246.1114886537363,210.13270196867282,7.327292694065683,9.988597653375246,6.350699319418625,8.14490493986761,197.3493500311142,van
91.63435261872468,49.12779549523621,83.54031503677444,225.50171692469007,107.72691679398577,9.381847463510212,916.2910574019398,32.10088583504642,137.88389885544956,180.82202926262798,190.66530940246594,214.44991538885876,169.24419031465862,3.4399136837000963,4.682413867150791,4.4966039029597145,9.749301091641833,176.97611018310482,opel
93.97710492694019,43.04609567955856,76.06587368323133,239.79678372699564,102.73460171163973,10.040212933738196,1012.880952817968,31.030403429592518,149.75601432763844,199.60837884557242,223.48334453523904,208.7250942899207,193.62703107333624,6.0595923302428485,11.278513033483504,9.57815040279982,12.420029206493089,211.2884748754939,van
91.83037387036046,47.07197910556581,79.69086242885213,241.42690946166934,100.85645962393838,12.667771491001146,941.1933248224511,32.73329804606437,170.5781117709776,223.65407771999975,240.44678478637215,243.54231740373743,169.36548866820456,2.557844958079061,6.408059252299004,12.508076217842238,17.37961595508814,204.79625319551573,van
85.13706975936736,47.22166134784133,90.1059634343651,225.36281580283872,106.8521501763717,9.067913770330337,920.1363786218849,39.11281838408392,144.04024846949554,185.5055693282623,225.06662343556422,182.8742375267944,159.63400340168457,7.40935187151385,8.283250464882418,5.418578761022866,9.352836706523401,200.81696426957743,opel
95.40091538440933,47.422048634222286,79.42100306111288,225.59442846824138,97.70975954477633,6.462497984797434,739.2438155047075,31.544394178084033,120.61602421478213,192.22194180106794,212.0826677604268,216.41153623337894,200.23666043131954,4.286915142714428,7.066031753869719,4.0659320971225625,11.73622922531402,198.967578627143,opel
87.07672607576369,42.44964983169614,83.87352627304516,247.16940725324307,95.20142381344121,10.07356566634847,928.3063268510406,32.410321071913366,122.87387436189562,173.8186680130772,247.7149993636339,215.75127810334655,190.51407721300333,6.7940933397648,8.325593236199825,9.082642588016556,6.8486871137320975,197.5658969743209,van
97.80392263184117,33.18647024257938,70.33309987445475,274.9876736742151,83.22430921345338,14.603482578797596,866.5927957230504,34.46276503411781,134.28142766959846,203.90383163519786,191.0281717073291,233.30780551120324,154.25088082133783,0.6952329107816393,2.566362321291871,7.206876258616213,14.25329836352193,179.29118542874087,bus
98.93542301871226,39.541840618989525,65.07085996880538,242.41361543970945,105.31225083093429,6.89215773019609,903.0839924923986,34.47497213163078,153.74389180712728,186.69555593443434,201.47237740036923,204.67140712224855,164.96777646350162,1.6628014822436095,9.772698794525686,13.486185939189467,13.711521625063547,198.95798848709748,bus
84.16592629650803,57.47626601471304,96.95256644498473,201.08963704509353,103.57252580662994,7.7696233424470424,825.2392450997633,47.87502923773584,118.68931370065029,173.18266462384094,210.74359629083472,176.53855207368844,182.43647660027503,2.9936729619072864,10.35458689509813,5.848202429840678,9.311487705098093,182.64128535466324,saab
88.48188561557018,56.667837068987865,92.24529333593057,252.50221092497895,105.31925355615809,8.578330562690839,929.7001019753139,39.96725760435185,153.89563332862576,178.41680387404622,233.94846399609816,183.63049827739664,190.9022619380882,3.374830971489466,4.832668333143813,7.309700896620768,10.56942599173113,195.26563015863056,opel
83.09420792767183,51.66140767049412,83.86711094987174,260.72827799782686,104.86988471299533,4.8929008078882035,980.6166107001256,29.838664359143824,144.8315311682617,214.71585082569894,221.02094344462643,191.35257513636026,211.546442793383,10.809675084507946,9.459638724535262,6.31845622020275,11.633873723498017,215.8952303610386,van
89.8570617883618,56.35378870496045,92.06200382074202,261.52345055482755,99.24057770347862,4.435769836030342,886.8381672583948,40.0375814183034,144.3400100373046,180.24584683047615,168.47382006457508,229.36879231205427,161.83588350613192,2.0489341287707363,9.352846835688148,7.506426892832314,10.57118329624156,194.7533573488876,saab
91.33165133978144,56.27407594189022,86.83090501524984,214.73069393381778,98.72831402566368,6.773576215048007,869.5940631122792,39.928551380449065,125.77504104567566,184.1486779809785,198.3497296217721,224.41323981304578,178.77430239629666,4.063178012305157,8.464408474827822,1.9598871709535493,5.410454855547201,184.16589265253438,saab
91.24273373816499,49.722959735927404,85.1556650837488,223.61894713762388,97.08676385605611,8.200354632809065,896.4281557593757,39.763279195622864,143.13675215793307,166.87087023241762,213.50730481310669,237.67622062369605,185.67333292783007,4.634153403174818,10.64006962553488,8.91172121304996,15.75180932289045,216.83765992587507,opel
88.05243991336938,50.54847616164491,84.93307533887793,198.25861508580968,98.57532335424753,7.449034702631173,800.7836211075802,36.14486251448757,148.16830889012851,189.13391090802182,203.19960418753087,230.6595649506217,163.7706714818655,2.5591715783778306,4.085452683601094,3.4814259599188455,14.384007878604523,191.6518768524205,opel
97.02025428407269,40.97986628443489,81.86252425924158,275.34100531738517,92.08539012659125,12.777157209061928,977.1621764136095,34.0157500474802,143.5548132928448,190.9296368707322,234.43125010252288,224.99728247480743,160.5429013442729,2.606422707147377,7.836411511775944,6.279921462486034,14.131647306893356,193.89187439720914,bus
90.9523749259674,51.18373296138438,77.62284249269568,240.1902712785937,105.51128695215202,3.855729767807026,856.0099279373028,44.16876230793207,151.17324144370954,173.54966308471577,191.54863161957564,201.05943747174567,171.70001695857954,5.0272185888304435,7.581344637381457,2.9585569407317602,8.538306678043094,200.09240019827502,saab
90.24575284961763,53.619714709532566,76.58330135304733,251.95654349415847,110.905831801058,11.940632403576563,967.9172255538001,26.418288156299834,161.0133016488955,211.56833781036988,218.02167490543613,217.9893874520437,195.7987934485779,5.640760557188734,13.420663288669786,6.978783001404841,11.868832091239923,222.09605576042378,van
94.30867849414408,37.352854140926446,73.50578376266174,259.101618263821,91.94671559458153,10.035025212923381,858.0395166330496,40.26846026935946,160.98647170504717,191.45959289058976,209.03425407018798,232.94132393774265,168.54046208550733,1.0658605928256955,11.640081444034518,8.281085870149546,11.278004476409361,203.62223511886978,bus
89.15770534406903,51.65982133204089,76.52317308039284,253.92379431652492,107.58905978010382,11.491113629367252,850.5923437339716,37.165974276185,143.3446853506851,177.87021343449788,240.22645598406405,199.06750469570662,153.09897775891454,5.758247266138475,4.94792950488952,7.789640040824353,11.579066398153829,205.59771893328315,opel
92.92247187578529,50.831442004268325,92.68743192113789,258.2138464084179,114.13460212659561,9.64514584240096,839.163410542177,40.54936529826042,139.6613966086105,152.51503465500343,216.09885147274696,249.29633878972643,147.3501024413119,5.207466032380443,4.856194300380152,2.135255825008383,6.839538068935299,167.04870803380132,saab
93.90164056081244,38.75893297362617,77.02561597245122,274.1537537432622,94.90814378184334,9.17257100619004,859.0900558288846,41.8424534903277,156.24112719986013,190.4790966716692,201.67616169037515,184.28855753585788,186.3762872667256,5.911808390341405,11.542899490845592,7.533636792590804,8.7078950430868,197.3184209213485,bus
90.31087480042439,31.730231599840494,82.62933056996495,282.1579301943308,79.41528165274002,12.919944285878232,964.0508180867556,40.21736097151261,135.9794844564249,195.07063158628176,197.76065948451674,249.77702703706663,202.95870385467842,4.3397598120671,10.25833272980189,7.644164621533971,11.039106586390075,179.36965693428746,bus
99.11272456051594,34.256551395282244,75.29112976766896,255.4851237369307,82.2641908549663,16.290298255546777,937.6670810552266,29.616081279013006,132.70450405547584,182.42422141085385,253.46904180597073,210.63908209215253,189.3828909248956,5.502947217881024,7.8566333847504755,6.20754064379648,8.47147999033566,198.18521004798873,bus
90.66813212408238,48.15742301997678,80.84799237843148,220.9778390651507,120.5486726990205,8.907676112060056,861.1005127007392,38.61459651718648,130.2636015506187,170.90347974166963,205.93735907353144,182.40652373170727,160.9182559453568,8.130909319918224,6.993045580596128,6.596451247401683,16.338985661263067,197.90362208114945,opel
91.15230023879988,52.5404000463917,86.30013458498604,237.95275003552558,111.66033835910993,8.286835261362953,800.9526636493315,43.698887222053685,123.13395468151799,154.156683786572,213.73654990905678,188.50516129836052,160.36809239252594,3.870257117893278,6.08104588463402,5.841207237229012,7.3315062917340015,177.0338743037202,saab
86.21441690643364,47.10759169466318,86.57928270938152,246.98771970740134,93.18768016176546,8.880907429421063,909.129593279283,25.87589889941077,136.4624532529024,202.6918092025516,210.08916927003594,212.34248432299702,180.08462418058758,1.7598255697596512,9.63150897330414,8.862045916021787,20.13214875724794,207.5717682110202,van
94.76694491537214,49.02862880238668,86.360538439452,213.06853904391164,95.06230202681631,6.5394745390313105,930.6017515546274,29.93372636070992,150.72252048237917,210.8953658307664,205.48457750374854,200.4624707871233,196.12203869167536,6.726008569612154,6.640222920527627,7.832433800221871,11.13413878128365,202.37829540758335,van
85.21241230079032,46.545530615392245,76.86721057988005,229.4005545044613,95.50929602846236,13.80053684862193,958.8075225943846,31.364863369968134,164.66782556898977,200.19599616577628,248.27232515143362,224.2949129977789,175.0460256039681,1.5088282048696744,8.666461069980043,5.168951866172587,11.89664894209555,206.13460165671836,van
99.84322495266444,42.49647926820862,72.5515477618707,271.9224155388197,98.37678642089723,16.63865907996339,806.673169146347,24.18707082800305,150.1617828711496,188.50626961678574,234.85364836719444,227.44139980612098,207.09006013626473,2.36573616010683,11.093724391439116,7.517322295710776,9.329046455940384,188.92353654626527,bus
88.63757201996832,43.98529568983048,84.1135384777905,279.5614379671289,87.91967030411799,11.277354279760601,868.7227983218969,23.973863879238404,143.99614307128894,187.89839497019113,298.70812412776934,210.4886368035607,170.63586670760165,5.491047846709317,7.000255139178297,10.578406102813746,9.574873834894527,201.68651367610195,van
83.58146635817634,42.740464682074375,77.42281147763093,247.43405171197628,106.99213136518507,9.95301317812633,808.58531198258,39.75164520714285,114.39829174870056,174.96519151426799,188.10654025675663,195.18852721127547,165.1139166022607,7.099637212656679,7.969185789791593,4.256819057863144,13.536203847424359,171.33788409097775,saab
96.97223687754453,36.920290671375454,76.62894740388981,296.49346611705636,108.67358595234835,11.550230243178172,1104.914971703563,26.437004545790945,146.37652442453899,204.91412756355527,219.97370691604067,236.18888202805294,173.2820152748791,3.8998904203536275,10.986006208886407,5.030790416160695,15.237576910819408,198.30725561667376,van
80.72719297377638,49.05555397740009,78.39877465248622,242.09084491098432,105.44362668126159,7.434266979405018,779.2389047283812,39.276483367474164,140.23599454445906,192.37150975478716,201.9281332602618,211.02566665551174,168.19154358652054,6.097757031040667,8.011728716232312,4.085654603158087,12.667962301070418,195.45086186015084,opel
91.33931705549226,46.062467972690136,89.62603464985158,267.74159552892576,95.88879498680926,12.798972853944687,966.5823833562881,31.61309825214869,161.3594784594382,205.04270748038385,218.01921550936282,195.33035866643442,205.91884387768178,6.25291843812138,8.792733912934702,10.331189790288256,5.490859421927558,210.32657516622012,van
85.43359877671101,34.95646418265982,68.51071197831362,273.41730876255883,100.63322024105945,12.447828268129323,914.128997524415,33.43296740382471,146.42943094763706,178.99096021523485,219.026952968591,229.09013079649446,181.54213062229624,3.2722340788204676,3.9085404266185337,7.448679313556165,13.540843392693288,178.84113212589529,bus
88.73050805837212,41.061863798072125,83.76563778537098,227.56939705149944,88.0307294946828,9.779989002597897,981.3217336226973,27.80801672503545,147.83476802463827,190.8951329646848,200.73421704322053,233.42335265412294,185.75272172680187,7.079529025656684,6.654189335981197,7.028642510849906,7.274492465463426,175.59295985224915,van
85.34161064969909,58.18261819070862,86.46459066101431,237.38527555299808,87.58470744409686,5.497287635521426,942.4331534483275,33.32514455061548,140.09585967891195,170.02947513164318,207.30338002096642,222.32429570411577,178.87701786717523,4.269602846580407,6.406964006904575,8.461291608356023,8.413220289452324,183.59822070174656,saab
93.31033404543362,47.49362855311966,75.06754392903244,249.71459294101223,98.47807324469427,9.792826293188439,888.6160017771972,26.916724789085244,137.60411987474973,205.81781770628362,259.52862754396136,210.65277673381743,219.75450478654028,10.249112459658027,8.235414836921915,9.289379606568467,6.766837762625196,191.48819517552516,van
87.12939076891816,48.064971900162035,79.85460299678185,245.24633366078032,92.27373893708832,10.85668410132145,927.6019330775013,38.42118971783325,147.01179910970797,196.73766295558642,247.38032875650333,192.1886237881797,198.844588470361,4.408022179982492,6.395456332130959,6.228058532204447,10.12568776346283,211.43398107149554,van
99.11030079997245,40.18792237505897,72.98529180425923,274.47575903277794,91.20335124114861,8.39603912483996,858.620488967564,36.767762598277635,148.9046484992889,179.96919698240183,239.5163343868942,184.02763402272507,183.59545716891245,3.533687605780007,4.978803560142174,10.406345219836076,15.350501326589862,190.04121827989852,bus
89.86561198545505,44.38239799067652,76.13347359374771,273.5593167393739,103.05986840379182,8.528039802266107,845.2085026803862,42.69079030874027,142.8190163204034,195.8611413142131,211.9286075905701,192.96651514312458,174.735768659235,4.34388709864648,8.704030069816989,7.293494944410451,12.956503655347058,211.58131615301775,opel
87.81776339870981,52.62721579565389,83.41925316168918,238.14801209463215,102.35351584382182,11.325979191354676,936.6048440417345,36.13556720182328,146.20967139312995,171.602025926513,207.59456121348467,200.34367700771057,184.1704041635456,3.81911845959345,8.517512385312077,6.081049136094712,12.96775741897651,199.89907746853893,opel
93.72155557371556,57.36726243754643,78.84024710269493,212.14453385447698,111.54289474520152,5.761499515558713,873.6407534963917,35.02999665232245,141.88806241193157,168.15003849873608,186.8934495359841,173.5381734327477,191.77889948472082,4.463296143221846,7.093179451377278,7.426051700865898,11.757783275043876,205.4034659890649,saab
79.15244881823764,47.54449356905704,85.35613245829262,247.23815672721977,99.58928227389164,8.968624066486123,749.1443441284395,33.405666739045046,145.429033054336,168.68494698647837,151.2759811244377,193.4111779055033,169.61161303067183,3.297770426331227,8.182579178586945,6.519582257994959,10.953358539069276,187.7301962849324,opel
81.58075549750212,49.314017598447045,74.79623650209173,203.70242671191176,111.67479085867751,5.24982953366583,929.4573650818229,40.85644392914453,146.1652165451375,169.89708840436936,171.2729508592168,213.21814070067498,182.76474017760148,2.0576202617240167,6.842720508613417,4.796205678134773,1.9322432252030328,187.67136296461732,saab
81.4454399646392,44.367384205569316,78.41807781372681,251.24184524165236,105.64915065479695,6.20131390442825,844.5906919320208,36.399030868272455,119.05165632417788,195.07707699313366,227.52091553343857,197.75472465617406,177.9030760888144,5.061697334107015,7.6880002126100715,7.732654967082154,14.952053913956034,187.50714652064192,opel
89.64007829575843,54.75085353655382,85.1981398431582,250.66379728726295,90.87137147772833,5.686007088671272,790.3513314490432,39.20572325247616,125.70099894792114,164.23045459122054,176.68051628639077,192.7403775378678,158.4407307481199,-1.9335061374814613,6.166690701950184,6.963935654105784,11.773072104078016,199.06807528732966,saab
83.83964766133602,51.137139013055005,84.72598859891337,204.21909691507355,110.74792237853704,8.153126833641444,953.2100636261794,39.00172113200418,155.67928666839532,189.28072006660688,243.99485484397286,221.94845374845414,198.83200155429364,6.130400434169198,7.097433358787614,9.328951694100011,7.786941312405536,188.5565409506629,opel
85.20712992371263,44.72187085503092,80.83187110226051,247.05589442628806,114.27820031348077,9.444972762279534,1035.5514404595394,26.815743449117463,148.38045183058674,213.3696907355596,222.93009039877316,177.4537654410537,216.29792203098378,8.357731874073878,6.307004394262186,7.558136550120775,7.355698884319013,195.2003535728779,van
90.10981388339071,50.541715338879825,85.64337573051492,226.25339380357397,106.08468612404464,7.590135051516784,872.54061681659,40.933140164351485,125.88739569516517,173.7831131431273,173.75022619327376,183.21679224022117,166.35907116033457,5.499396042889738,7.574552586245828,6.768320355934955,7.381710618664744,188.82117170592517,saab
83.31023295577553,50.35532780616779,65.07898706655585,239.37317694660555,98.12449450563751,13.786024589533573,952.5687730535191,46.92938413274295,129.34610494954774,191.812216342206,240.3189029258847,175.41657932963366,163.13708868974928,4.47436631494777,4.525292619921664,8.125958363809712,13.869648385361806,204.71918303422365,opel
81.04991451592396,50.530390688104404,92.29868432366248,223.80578376386856,127.25079705383439,5.376912067925998,837.0389093497954,44.758570581940944,118.71658429734217,163.7490367297697,198.05308062214536,225.0375826759264,219.31641781083107,5.256157393800497,4.717776691694461,5.34040348590832,9.723129833586334,198.8557523394148,saab
95.25623471634732,55.47637833105141,79.59903863275802,215.35400900525823,130.24295734913352,9.095477957475122,925.9668175545322,40.05734568870304,132.73614581165705,184.83736043903565,197.6702329473793,205.77006313278088,165.38633915654384,5.6438429648318005,4.791940229050458,7.288129845914446,11.109654764570232,192.23070324135577,saab
87.42576387657067,36.14030615767958,71.73945137319741,277.373466177458,80.17913747890407,14.942340654987216,821.8404595651672,38.87782880210695,132.79287574085842,199.57772866151885,238.4854027907566,226.462556264824,170.2655894861798,4.568664724904735,6.877992056289233,5.009703036293241,16.92184369046486,198.24458604352517,bus
82.3473977198352,40.593652662837655,80.94785095363095,241.10416017984667,98.68602724091042,8.844183907337364,850.1613761816193,43.3741860264882,142.39485827995765,180.64294878587583,263.4135074972613,200.33241962724827,168.1513455497962,5.518957646172953,7.321385734929809,7.196160900559588,10.337496523888753,196.1767510065196,opel
86.47041019396607,49.922726782912655,88.92087389171044,216.3037578052221,103.52828885659359,12.044348200174756,905.9169068396563,45.08971353126638,113.34615361759,175.82864841868997,178.28073658516587,190.46675592552,177.29430957111342,7.750450776966777,6.909751601327686,4.322838681036996,12.476001070023905,186.9805692588515,saab
91.91597257664671,48.49956402022574,90.88002541680336,224.0061300813422,106.51801442395865,9.189708746794489,884.8525489419864,44.30917469206277,117.49783974105199,183.51929070790843,210.974009527898,171.69116947557887,184.63755337435725,3.265771659855378,6.304538751615,8.471886404456207,9.823405006909695,180.82734634677607,saab
77.58801606502115,51.228156949007285,88.19735032136224,226.52911164877224,97.81121751465467,8.093274733131931,841.5607631292025,38.91307984052116,118.84782772029081,181.8871274455477,173.20964152869925,189.53695506960196,176.96480841239998,2.9076677915639606,9.189840416172029,7.956005951996818,7.328156071156339,182.5659352520488,saab
87.22919437614624,41.94374690304895,87.41979762500094,223.85903318149798,124.78293596561683,8.67316609091807,921.6812509910474,40.34704430185059,127.32101265841501,181.12825321669322,150.15220696833865,205.20504444810038,176.03296737368527,5.971896766629443,5.75871393174033,5.387209145826961,13.620323471232094,192.53644281633464,saab
96.65631715701782,37.228361618957386,74.6035212081161,306.2489711599386,97.16154576022186,9.970486538614267,936.1190678913886,35.761998719116264,139.04338705956508,199.62172666081943,242.48706719741006,187.65724387079507,176.45250607641862,4.464717818202413,6.440379315245988,7.791639562191846,10.426012778799592,195.79801484058734,bus
87.40031808952052,53.1193145630202,83.78436536249156,207.86534024541098,114.67069665231247,5.8683945773024835,862.7063843535718,38.93668653741203,141.06461770812072,174.92325936315495,169.7117187520376,191.34196865152146,169.87458819092814,2.165476715645425,6.937062513810249,7.041024993256559,11.849101152833608,182.66922807949177,saab
88.46853056268093,47.34734163949527,78.06066869759599,242.13524300412814,102.10847600720602,5.96883724069891,856.1764600920546,41.56620470104038,131.6549156413314,185.99584464327668,212.4963564610775,139.65349154795206,161.33986976437498,1.0879070133071331,7.583490548017444,4.91440205656607,13.769686784432082,180.43504390495903,saab
94.37623506460986,48.98110772887043,75.66215121714548,249.4590712942654,112.6740270115923,9.574440690350558,939.8066858545553,39.32489103943951,146.0589777700107,163.02903856710543,187.52197750154232,164.8515325919449,186.26590186323898,3.368587903801312,8.714644383812354,8.072580125130937,11.028535519822983,195.2383926632745,opel
90.48190823264423,49.82599214100259,90.96838604361582,262.4819178940325,102.45485893870858,8.733368386963788,922.0540769303208,40.608320949419635,114.16887818914077,206.98040456817427,217.5265191529315,192.25831511050123,166.99862249774142,6.023210180738041,6.019618187542624,5.654025561669487,6.668844891214836,181.60031848382948,opel
84.44058290218393,46.39336695698451,81.76982873425293,247.70395502481873,107.66345644172547,10.58707505993728,919.8070534381523,24.71648657849073,137.89839056585842,203.64561477355457,233.11045582495095,197.33454590579456,160.98868381810635,8.119131145246794,8.50946227476042,9.40698429645005,7.615319058994929,190.9734564001218,van
93.87111849756732,41.775277712584916,78.23346026210795,278.16505511428943,78.55379918305562,10.59601662438649,835.1584026022076,36.614920361346435,138.79152401748883,182.3983523482742,201.4097827961518,206.13911957743036,180.38287293291674,8.298961788647842,10.592721645853928,5.336090165011098,12.293011130245006,187.6194291633861,bus
101.74171322394906,48.32646714472161,87.922484058703,244.57370043863406,112.58987373244085,10.026086748753904,955.3603981020067,27.47627666504884,142.4404929330808,206.1596700604684,268.6861933870415,224.0506662786771,159.02045837439084,8.058360872255934,10.744542633215982,7.758825623053061,5.409162592210637,190.8424495886644,van
96.40573360406684,32.31829705648778,79.25993561572334,268.51344419005443,99.54367066517646,15.648661182006093,975.28677162364,28.512883953906048,154.39452690457992,201.92651532648026,227.63679102632744,175.67933503378623,225.53930951217245,4.8325557328747974,8.85592525310527,9.891859170540757,9.049961362197251,212.88433622503388,van
90.1265916488634,45.41548949666165,68.927373748439,254.03405510923093,85.00984831443355,9.030204063100193,849.2089090510801,31.051281891395263,140.2377912645534,186.91734278359073,229.47264153622908,224.0948182428227,193.34829686800637,10.736806111333536,9.307180686633851,6.683692311255359,18.552290200141368,194.3687698688875,bus
84.01063932752581,37.715655722822014,60.939777120824,207.9050098856197,88.13612454414066,9.177950126993654,938.4706800738194,35.472317401954406,139.02856350371187,205.05337147647347,255.53873405863033,196.26922493692462,178.9339494297274,5.367834077754053,6.536285383168228,12.10838768251214,13.487721004563522,210.3138052527733,van
99.28199397161737,44.233697947398355,75.63858136615139,270.57489645869634,95.60938193848719,10.661854522680168,896.1081401493599,32.415090760624786,143.5221968118253,194.94403981170953,221.7137432280672,207.80740655095076,191.70308751204047,6.762815057847142,5.932799387121666,2.6458699071142906,8.629517900281206,171.08043795686976,bus
93.00229815706865,47.506454549052286,81.36497525439232,236.32731435427223,100.49506682309708,10.917988003348581,854.7662653267269,31.81102540830678,148.14902350578782,191.82108157861495,253.68900955272855,177.49015459600335,181.23398535105954,4.999477966826649,7.1916856810413945,10.265609394349614,11.836809430316178,186.8845086210132,van
81.34675458489687,51.76426620580772,79.9120627024265,266.9535617102525,117.16680985651024,10.119323140648737,920.4923030559713,38.56203561714242,134.5030125464125,167.51697198130682,234.2976806036607,196.8848938283358,184.4956956790592,10.49756483182013,9.860060777842738,6.834819349166976,18.792311622125673,198.77030469800806,opel
94.75942985911077,46.00526659295241,86.37594374472516,239.41597980376974,94.4046836790137,11.904956313905611,921.6647445972474,30.922443395064857,151.39028686953125,211.56006669451128,223.25188549369017,186.93831336520435,206.12832311772874,6.902452032272198,10.628453151407157,6.32975099205553,13.168303755009967,215.37551319034344,van
83.44162057117383,52.51744253371557,90.2863533523446,191.48865279334245,115.8173439111368,10.715239266100278,885.0694946904749,40.040084606962274,131.97313412290268,173.20369627274485,194.28626903815473,186.94333143050392,134.17202806283473,6.987856287284395,1.5512317827822626,6.927446115114229,8.017099688070118,172.53606501460837,saab
86.53939399825717,41.644429303897056,66.93073208161141,228.6149101248984,101.78624730604297,12.097728283750724,935.7581531128899,28.300674609897445,159.6717812243895,197.4195448438884,208.64023468879464,170.96794174234228,181.1290790524293,8.043249528799896,8.8193706874931,8.28395982774801,4.695606901879845,211.64990882563922,van
91.59205848888315,43.45322752431674,77.0295806695105,222.78985346989379,110.97098593460298,7.826083580047431,916.8764031733269,39.60904937865751,138.30948088267832,176.82771611778526,220.8572744071644,211.70140404916745,182.77238991114828,5.802116615387265,8.019002765648812,6.809698975886441,12.249570634145513,210.9557477322856,opel
94.51626032374753,42.00256924230889,68.5156395764752,272.43723009588507,103.32661303564274,11.50683892700486,992.6600772525777,34.61059241304677,125.12177942437668,200.37574859335865,240.64792427367158,174.11616266901126,184.61562422230878,5.960163207400537,7.333078613636456,5.611626697176312,10.843635047752196,205.6864461601277,van
80.99704828825948,45.34824405258835,87.079162109878,247.25509183905373,106.93932925822054,9.94097691922676,887.6445540746893,39.312758144789306,132.9441897768405,172.95292766477712,232.09470024589706,197.67130831071955,194.07401752630852,3.999042563862989,1.327860789957474,6.387597427534184,9.35255285747429,186.46010609775726,saab
87.24668284466934,40.05036960312718,77.4806094193422,283.49638984333205,102.00607832507448,9.37632753529968,856.1008706621719,40.36180178409258,163.00511181510853,184.2894632035095,231.41225994439063,221.84675668979244,198.6704408326208,2.6439182652472386,6.224600167182878,5.298929442505912,10.960720481979301,195.84168230185696,bus
85.96002118484338,53.8120379928562,75.82150626997546,224.363103012058,112.15020631318913,9.273106413746529,808.7417050127231,49.396434232100134,127.37424340684377,166.86335424862446,206.5964612173702,179.0643753466165,169.93786122583768,2.9740515120643765,3.8590635139598577,5.568864113162101,11.514531658798314,170.66959595382147,saab
93.13776356837579,42.070093938545426,84.08433905025133,270.7126195762206,103.95055876588128,8.910160923691134,874.7237530614523,44.14212309348753,142.36767751110497,174.29924660815345,210.7972841498317,205.7203161526925,187.63181505814876,4.811512312950497,6.668318188675996,7.159713671538608,17.633999085804597,198.36180488684036,opel
93.82706433312427,36.698011212829954,73.68539682714682,266.2625671167728,77.388862744126,10.4280210789841,929.1048851734308,41.44911303195458,155.70150238316427,175.29896182288164,215.81372360841277,217.89775666193782,182.14245341003283,6.95684422405607,7.415605014706626,7.298726964542378,13.747713956426416,187.64798965236753,bus
97.35964932605899,36.930644807510355,73.91312163975552,249.20211232496575,100.27223669077345,8.71131946595603,1009.8455474380676,30.197312663179375,138.65979814065042,193.1432508240987,240.67049404777174,236.93143325220592,180.56443208194582,4.882408362230086,5.528593955901182,7.917503742041594,10.27337460176013,192.33647390734984,van
96.64375554829843,35.97593047400119,87.45240479187264,270.5663675226092,102.59189410632027,9.815374470654842,973.876504052763,38.90079051912972,153.62393472382757,191.41659847978778,224.78809001070755,221.6771993313707,178.16690710964193,4.80675265997022,1.9355078295606294,5.0200844148959725,11.41115804583619,192.5730125217472,bus
89.11039611583645,44.67633064934925,73.82112890874893,233.07131397082043,95.09613382983449,8.717771479550711,904.9312160051413,30.254596245986072,148.7348110304605,176.21568340126672,234.14629082049447,223.5027411281384,200.8673659057259,8.35306650757553,6.889427794797927,5.116179287776381,13.406861756474427,190.72626994304068,van
95.40110180238345,43.8898229747378,83.71843270821721,226.42153017403348,93.18670260532485,9.269518045020307,915.7754134693602,29.410639093513975,127.94705627244093,209.57993941480018,275.6784519040354,198.43080542247338,177.34219183862652,9.529827611101542,0.7978297910809644,7.324244449052387,8.367111561057124,194.10746269204932,van
93.42365377679828,43.82056928200495,79.26575980922095,239.5362619043245,78.88342026589123,10.686211442057209,852.2438710325323,38.11864212907736,139.55885997885807,186.3722423595688,241.92938467621767,231.90315942368642,166.96775710885868,2.8493752139015243,6.7931375514194325,5.894158325265396,3.886825105191674,201.98688813517043,bus
100.38688543902745,40.815515659749984,88.7165332707571,273.1967993277669,95.67194507373681,8.097631259224087,856.3279348022692,32.89836711489249,149.961958663292,194.08981544266567,260.6131961648312,212.0529105707933,208.16011828813296,1.6941729684849687,7.203433932914903,5.839185341442997,6.928732156876448,182.55239612394698,van
90.4530627260263,41.290874241352356,71.93990160687152,249.91718466495865,92.77203105384572,12.056362314738257,877.1451871706864,29.374730145312665,124.96137635593246,182.47606555586881,206.20544451871652,200.15031534923233,181.11718399445252,5.444579711601708,7.585430964283707,7.146393982003389,9.46517568421951,194.3959627080309,bus
84.66276720722409,52.737944534211984,83.51227475603267,209.8936974800553,112.89959905275622,7.230415952791859,844.317157875048,37.86957297330601,125.20475005368216,168.3915880324742,195.5064019674026,175.3922349703305,165.3523264795389,3.4764385553145862,4.954958141180726,5.815668378357047,9.77460820410341,190.05538876903208,saab
102.32824384460777,37.16932213752488,84.13874446361794,250.43254444769937,89.67873639484526,12.081183382407765,909.0510779351854,33.27351874912781,137.1221624809176,197.30700905718683,183.07624275523813,228.95806545078057,191.12910961552652,6.711111318041424,8.005568853790388,7.573911708603418,9.430505287772403,198.93307050005325,bus
85.8166734033877,50.4065202141337,85.41343679872583,228.114618584702,122.46324345854686,11.662354271131775,779.0307822101979,40.86962341090801,121.49434610496566,179.73336675554967,185.97500911191847,207.9829544214084,153.40483764384336,4.209028072151642,5.978121896079828,3.3800249765364647,10.52426314326236,164.65644132115636,saab
102.69018283232984,42.188389524680154,70.21862846717714,277.60395702011925,93.39332757121534,15.345144773675408,909.2275651598518,34.10613607051259,143.48726716346488,185.4356362318199,247.62908157380974,216.90688398882617,212.72913249944617,-0.8139764386432828,7.278120797306835,5.331353909016836,11.353171264295932,179.99778138553063,bus
104.43092950605265,37.97222729851548,77.03097844496648,287.79261591246876,85.59755876923664,16.985999034865582,875.5575289106863,31.627013618735234,137.0758007900004,201.863184569567,215.38267252310462,187.01387650396117,203.08991774820225,6.787395378778221,3.4479764919031957,5.543845804289358,13.288022468405202,191.11756946478462,bus
88.03738276442394,45.86673247585715,80.11628742618815,281.9664361528207,87.52970403980927,5.231386422428509,1036.1077548904098,28.217398787880022,148.5054430683501,185.18419228448633,254.0531999699861,186.7189873518835,164.7869431114282,7.863331933736189,10.990060619471675,5.998741255033519,12.538355407887801,200.56510648465556,van
83.12916285913889,46.27151582748232,83.55651994757895,243.39370181715503,109.54395631619394,11.71858284867302,823.8924719256793,35.69803914761552,142.73196583225226,177.75693172056353,205.074197147824,218.38372307353907,160.05490151184682,8.34748750796685,8.933766833511488,5.608709099759608,8.486062355962044,203.2308039934064,opel
89.09991833673158,39.2191789423511,85.89609885661964,286.0286019853298,93.88650570689722,11.877280045357889,913.1310048251021,30.841468454163547,158.98359568346984,193.92176107384375,247.7194018513775,191.26409530081236,174.24720193957495,6.941019694757114,8.215967841450457,9.955695129308662,13.365067427163757,194.44726911986828,van
93.28642741736616,37.7451017887841,76.4136873486514,273.9310955302315,84.99549838792376,13.015982653825088,881.3896611964474,37.96850996428757,143.36933036056237,202.30764119066524,204.28027934730036,246.26826717664215,186.2781417445085,4.338421551344886,5.785291133575577,2.8270446832578306,10.820841728815797,195.02287936143503,bus
